#0 building with "desktop-linux" instance using docker driver

#1 [internal] load build definition from Dockerfile
#1 transferring dockerfile: 580B done
#1 DONE 0.0s

#2 [internal] load metadata for docker.io/library/eclipse-temurin:21-jre
#2 DONE 2.3s

#3 [internal] load .dockerignore
#3 transferring context: 2B done
#3 DONE 0.0s

#4 [1/8] FROM docker.io/library/eclipse-temurin:21-jre@sha256:cff19e6215689161eb6162c11b86b0c60ddf802164f2eaf48d570f8fb79a36c5
#4 DONE 0.0s

#5 [internal] load build context
#5 transferring context: 113.83MB 1.3s done
#5 DONE 1.3s

#6 [6/8] COPY clients/build/ /opt/kafka/clients/build/
#6 CACHED

#7 [2/8] WORKDIR /opt/kafka
#7 CACHED

#8 [3/8] COPY bin/ /opt/kafka/bin/
#8 CACHED

#9 [5/8] COPY core/build/ /opt/kafka/core/build/
#9 CACHED

#10 [7/8] COPY kafka-k1-entrypoint.sh /opt/kafka/kafka-k1-entrypoint.sh
#10 CACHED

#11 [4/8] COPY config/ /opt/kafka/config/
#11 CACHED

#12 [8/8] RUN chmod +x /opt/kafka/bin/*.sh /opt/kafka/kafka-k1-entrypoint.sh     && mkdir -p /opt/kafka/config /tmp/kafka-logs     && useradd --create-home --uid 1001 kafka     && chown -R kafka:kafka /opt/kafka /tmp/kafka-logs
#12 CACHED

#13 exporting to image
#13 exporting layers done
#13 writing image sha256:62b964515672c2f1cedf552bec49ad6757c7058ee54a7bfc8ded1fad41f216ef done
#13 naming to docker.io/library/nereus-delay-kafka-k1:nereus-delay-kafka-e2e-1791479632-1694 done
#13 DONE 0.0s

View build details: docker-desktop://dashboard/build/desktop-linux/desktop-linux/uegzvhjrue12m0l53548xihu1
K1 checkout: 05849884ca81fad767fda058444d1e17c7f9cbf9
K1 client jar: /Users/liusinan/apps/ideaproject/nereusstream/kafka-worktrees/nereus-delay-k1/clients/build/libs/kafka-clients-4.4.0-SNAPSHOT.jar
perl: warning: Setting locale failed.
perl: warning: Please check that your locale settings:
	LC_ALL = "C.UTF-8",
	LC_CTYPE = "C.UTF-8",
	LANG = "C.UTF-8"
    are supported and installed on your system.
perl: warning: Falling back to the standard locale ("C").
K1 client SHA256: 1c83ae777c364be833f7c8ff31f1fdeb28dafd5eb3998f0246e7d226a543cbe0
K1 broker image ID: sha256:62b964515672c2f1cedf552bec49ad6757c7058ee54a7bfc8ded1fad41f216ef
Compose project: nereus-delay-kafka-e2e-1791479632-1694
Broker advertised ports: 19286,19287,19288
Broker bind ports: 19386,19387,19388
 Network nereus-delay-kafka-e2e-1791479632-1694_default Creating
 Network nereus-delay-kafka-e2e-1791479632-1694_default Creating
 Network nereus-delay-kafka-e2e-1791479632-1694_default Created
 Network nereus-delay-kafka-e2e-1791479632-1694_default Created
 Container nereus-delay-kafka-e2e-1791479632-1694-kafka-3-1 Creating
 Container nereus-delay-kafka-e2e-1791479632-1694-kafka-1-1 Creating
 Container nereus-delay-kafka-e2e-1791479632-1694-kafka-2-1 Creating
 Container nereus-delay-kafka-e2e-1791479632-1694-kafka-2-1 Created
 Container nereus-delay-kafka-e2e-1791479632-1694-kafka-1-1 Created
 Container nereus-delay-kafka-e2e-1791479632-1694-kafka-3-1 Created
 Container nereus-delay-kafka-e2e-1791479632-1694-kafka-2-1 Starting
 Container nereus-delay-kafka-e2e-1791479632-1694-kafka-3-1 Starting
 Container nereus-delay-kafka-e2e-1791479632-1694-kafka-1-1 Starting
 Container nereus-delay-kafka-e2e-1791479632-1694-kafka-2-1 Started
 Container nereus-delay-kafka-e2e-1791479632-1694-kafka-1-1 Started
 Container nereus-delay-kafka-e2e-1791479632-1694-kafka-3-1 Started
To honour the JVM settings for this build a single-use Daemon process will be forked. For more on this, please refer to https://docs.gradle.org/9.4.1/userguide/gradle_daemon.html#sec:disabling_the_daemon in the Gradle documentation.
Daemon will be stopped at the end of the build
> Task :protobufDummy UP-TO-DATE
> Task :extractIncludeProto UP-TO-DATE
> Task :extractProto UP-TO-DATE
> Task :generateProto UP-TO-DATE
> Task :compileJava UP-TO-DATE
> Task :generateRunningArtifactIdentity
> Task :processProtoResources UP-TO-DATE
> Task :processResources UP-TO-DATE
> Task :classes UP-TO-DATE
> Task :extractIncludeRealKafkaProto UP-TO-DATE
> Task :extractRealKafkaProto UP-TO-DATE
> Task :generateRealKafkaProto NO-SOURCE
> Task :compileRealKafka UP-TO-DATE
> Task :compileRealKafkaJava SKIPPED
> Task :processRealKafkaProtoResources UP-TO-DATE
> Task :processRealKafkaResources UP-TO-DATE
> Task :realKafkaClasses UP-TO-DATE

> Task :runRealKafkaTargetWorkerSourceSmoke
[main] INFO org.apache.kafka.common.config.AbstractConfig - AdminClientConfig values:
	bootstrap.controllers = []
	bootstrap.servers = [127.0.0.1:19286, 127.0.0.1:19287, 127.0.0.1:19288]
	client.dns.lookup = use_all_dns_ips
	client.id =
	config.providers = []
	connections.max.idle.ms = 300000
	default.api.timeout.ms = 60000
	enable.metrics.push = false
	metadata.cluster.check.enable = true
	metadata.max.age.ms = 300000
	metadata.recovery.rebootstrap.trigger.ms = 300000
	metadata.recovery.strategy = rebootstrap
	metric.reporters = [org.apache.kafka.common.metrics.JmxReporter]
	metrics.num.samples = 2
	metrics.recording.level = INFO
	metrics.sample.window.ms = 30000
	receive.buffer.bytes = 65536
	reconnect.backoff.max.ms = 1000
	reconnect.backoff.ms = 50
	request.timeout.ms = 10000
	retries = 2147483647
	retry.backoff.max.ms = 1000
	retry.backoff.ms = 100
	sasl.client.callback.handler.class = null
	sasl.jaas.config = null
	sasl.kerberos.kinit.cmd = /usr/bin/kinit
	sasl.kerberos.min.time.before.relogin = 60000
	sasl.kerberos.service.name = null
	sasl.kerberos.ticket.renew.jitter = 0.05
	sasl.kerberos.ticket.renew.window.factor = 0.8
	sasl.login.callback.handler.class = null
	sasl.login.class = null
	sasl.login.connect.timeout.ms = null
	sasl.login.read.timeout.ms = null
	sasl.login.refresh.buffer.seconds = 300
	sasl.login.refresh.min.period.seconds = 60
	sasl.login.refresh.window.factor = 0.8
	sasl.login.refresh.window.jitter = 0.05
	sasl.login.retry.backoff.max.ms = 10000
	sasl.login.retry.backoff.ms = 100
	sasl.mechanism = GSSAPI
	sasl.oauthbearer.allow.unverified.audience = false
	sasl.oauthbearer.allow.unverified.issuer = false
	sasl.oauthbearer.assertion.algorithm = RS256
	sasl.oauthbearer.assertion.claim.aud = null
	sasl.oauthbearer.assertion.claim.exp.seconds = 300
	sasl.oauthbearer.assertion.claim.iss = null
	sasl.oauthbearer.assertion.claim.jti.include = false
	sasl.oauthbearer.assertion.claim.nbf.seconds = 60
	sasl.oauthbearer.assertion.claim.sub = null
	sasl.oauthbearer.assertion.file = null
	sasl.oauthbearer.assertion.private.key.file = null
	sasl.oauthbearer.assertion.private.key.passphrase = null
	sasl.oauthbearer.assertion.template.file = null
	sasl.oauthbearer.client.credentials.client.id = null
	sasl.oauthbearer.client.credentials.client.secret = null
	sasl.oauthbearer.clock.skew.seconds = 30
	sasl.oauthbearer.expected.audience = []
	sasl.oauthbearer.expected.issuer = null
	sasl.oauthbearer.header.urlencode = false
	sasl.oauthbearer.jwks.endpoint.refresh.ms = 3600000
	sasl.oauthbearer.jwks.endpoint.retry.backoff.max.ms = 10000
	sasl.oauthbearer.jwks.endpoint.retry.backoff.ms = 100
	sasl.oauthbearer.jwks.endpoint.url = null
	sasl.oauthbearer.jwt.retriever.class = class org.apache.kafka.common.security.oauthbearer.DefaultJwtRetriever
	sasl.oauthbearer.jwt.validator.class = class org.apache.kafka.common.security.oauthbearer.DefaultJwtValidator
	sasl.oauthbearer.scope = null
	sasl.oauthbearer.scope.claim.name = scope
	sasl.oauthbearer.sub.claim.name = sub
	sasl.oauthbearer.token.endpoint.url = null
	security.protocol = PLAINTEXT
	security.providers = null
	send.buffer.bytes = 131072
	socket.connection.setup.timeout.max.ms = 30000
	socket.connection.setup.timeout.ms = 10000
	ssl.cipher.suites = []
	ssl.enabled.protocols = [TLSv1.2, TLSv1.3]
	ssl.endpoint.identification.algorithm = https
	ssl.engine.factory.class = null
	ssl.key.password = null
	ssl.keymanager.algorithm = SunX509
	ssl.keystore.certificate.chain = null
	ssl.keystore.key = null
	ssl.keystore.location = null
	ssl.keystore.password = null
	ssl.keystore.type = JKS
	ssl.protocol = TLSv1.3
	ssl.provider = null
	ssl.secure.random.implementation = null
	ssl.trustmanager.algorithm = PKIX
	ssl.truststore.certificates = null
	ssl.truststore.location = null
	ssl.truststore.password = null
	ssl.truststore.type = JKS

[main] INFO org.apache.kafka.common.utils.internals.AppInfoParser - Kafka version: 4.4.0-SNAPSHOT
[main] INFO org.apache.kafka.common.utils.internals.AppInfoParser - Kafka commitId: unknown
[main] INFO org.apache.kafka.common.utils.internals.AppInfoParser - Kafka startTimeMs: 1791479673595
[main] INFO org.apache.kafka.common.config.AbstractConfig - ProducerConfig values:
	acks = -1
	batch.size = 16384
	bootstrap.servers = [127.0.0.1:19286, 127.0.0.1:19287, 127.0.0.1:19288]
	buffer.memory = 33554432
	client.dns.lookup = use_all_dns_ips
	client.id = producer-1
	client.rack =
	compression.gzip.level = -1
	compression.lz4.level = 9
	compression.type = none
	compression.zstd.level = 3
	config.providers = []
	connections.max.idle.ms = 540000
	delivery.timeout.ms = 120000
	enable.idempotence = true
	enable.metrics.push = true
	interceptor.classes = []
	key.serializer = class org.apache.kafka.common.serialization.ByteArraySerializer
	linger.ms = 5
	max.block.ms = 60000
	max.in.flight.requests.per.connection = 5
	max.request.size = 1048576
	metadata.cluster.check.enable = true
	metadata.max.age.ms = 300000
	metadata.max.idle.ms = 300000
	metadata.recovery.rebootstrap.trigger.ms = 300000
	metadata.recovery.strategy = rebootstrap
	metric.reporters = [org.apache.kafka.common.metrics.JmxReporter]
	metrics.num.samples = 2
	metrics.recording.level = INFO
	metrics.sample.window.ms = 30000
	partitioner.adaptive.partitioning.enable = true
	partitioner.availability.timeout.ms = 0
	partitioner.class = null
	partitioner.ignore.keys = false
	partitioner.rack.aware = false
	receive.buffer.bytes = 32768
	reconnect.backoff.max.ms = 1000
	reconnect.backoff.ms = 50
	request.timeout.ms = 30000
	retries = 2147483647
	retry.backoff.max.ms = 1000
	retry.backoff.ms = 100
	sasl.client.callback.handler.class = null
	sasl.jaas.config = null
	sasl.kerberos.kinit.cmd = /usr/bin/kinit
	sasl.kerberos.min.time.before.relogin = 60000
	sasl.kerberos.service.name = null
	sasl.kerberos.ticket.renew.jitter = 0.05
	sasl.kerberos.ticket.renew.window.factor = 0.8
	sasl.login.callback.handler.class = null
	sasl.login.class = null
	sasl.login.connect.timeout.ms = null
	sasl.login.read.timeout.ms = null
	sasl.login.refresh.buffer.seconds = 300
	sasl.login.refresh.min.period.seconds = 60
	sasl.login.refresh.window.factor = 0.8
	sasl.login.refresh.window.jitter = 0.05
	sasl.login.retry.backoff.max.ms = 10000
	sasl.login.retry.backoff.ms = 100
	sasl.mechanism = GSSAPI
	sasl.oauthbearer.allow.unverified.audience = false
	sasl.oauthbearer.allow.unverified.issuer = false
	sasl.oauthbearer.assertion.algorithm = RS256
	sasl.oauthbearer.assertion.claim.aud = null
	sasl.oauthbearer.assertion.claim.exp.seconds = 300
	sasl.oauthbearer.assertion.claim.iss = null
	sasl.oauthbearer.assertion.claim.jti.include = false
	sasl.oauthbearer.assertion.claim.nbf.seconds = 60
	sasl.oauthbearer.assertion.claim.sub = null
	sasl.oauthbearer.assertion.file = null
	sasl.oauthbearer.assertion.private.key.file = null
	sasl.oauthbearer.assertion.private.key.passphrase = null
	sasl.oauthbearer.assertion.template.file = null
	sasl.oauthbearer.client.credentials.client.id = null
	sasl.oauthbearer.client.credentials.client.secret = null
	sasl.oauthbearer.clock.skew.seconds = 30
	sasl.oauthbearer.expected.audience = []
	sasl.oauthbearer.expected.issuer = null
	sasl.oauthbearer.header.urlencode = false
	sasl.oauthbearer.jwks.endpoint.refresh.ms = 3600000
	sasl.oauthbearer.jwks.endpoint.retry.backoff.max.ms = 10000
	sasl.oauthbearer.jwks.endpoint.retry.backoff.ms = 100
	sasl.oauthbearer.jwks.endpoint.url = null
	sasl.oauthbearer.jwt.retriever.class = class org.apache.kafka.common.security.oauthbearer.DefaultJwtRetriever
	sasl.oauthbearer.jwt.validator.class = class org.apache.kafka.common.security.oauthbearer.DefaultJwtValidator
	sasl.oauthbearer.scope = null
	sasl.oauthbearer.scope.claim.name = scope
	sasl.oauthbearer.sub.claim.name = sub
	sasl.oauthbearer.token.endpoint.url = null
	security.protocol = PLAINTEXT
	security.providers = null
	send.buffer.bytes = 131072
	socket.connection.setup.timeout.max.ms = 30000
	socket.connection.setup.timeout.ms = 10000
	ssl.cipher.suites = []
	ssl.enabled.protocols = [TLSv1.2, TLSv1.3]
	ssl.endpoint.identification.algorithm = https
	ssl.engine.factory.class = null
	ssl.key.password = null
	ssl.keymanager.algorithm = SunX509
	ssl.keystore.certificate.chain = null
	ssl.keystore.key = null
	ssl.keystore.location = null
	ssl.keystore.password = null
	ssl.keystore.type = JKS
	ssl.protocol = TLSv1.3
	ssl.provider = null
	ssl.secure.random.implementation = null
	ssl.trustmanager.algorithm = PKIX
	ssl.truststore.certificates = null
	ssl.truststore.location = null
	ssl.truststore.password = null
	ssl.truststore.type = JKS
	transaction.timeout.ms = 60000
	transaction.two.phase.commit.enable = false
	transactional.id = null
	value.serializer = class org.apache.kafka.common.serialization.ByteArraySerializer

[main] INFO org.apache.kafka.common.telemetry.internals.KafkaMetricsCollector - initializing Kafka metrics collector
[main] INFO org.apache.kafka.clients.producer.KafkaProducer - [Producer clientId=producer-1] Instantiated an idempotent producer.
[main] INFO org.apache.kafka.common.utils.internals.AppInfoParser - Kafka version: 4.4.0-SNAPSHOT
[main] INFO org.apache.kafka.common.utils.internals.AppInfoParser - Kafka commitId: unknown
[main] INFO org.apache.kafka.common.utils.internals.AppInfoParser - Kafka startTimeMs: 1791479673952
[kafka-producer-network-thread | producer-1] INFO org.apache.kafka.clients.Metadata - [Producer clientId=producer-1] Cluster ID: MkU3OEVBNTcwNTJENDM2Qk
[kafka-producer-network-thread | producer-1] INFO org.apache.kafka.clients.producer.internals.TransactionManager - [Producer clientId=producer-1] ProducerId set to 1000 with epoch 0
[main] INFO org.apache.kafka.clients.producer.KafkaProducer - [Producer clientId=producer-1] Closing the Kafka producer with timeoutMillis = 9223372036854775807 ms.
[main] INFO org.apache.kafka.common.metrics.Metrics - Metrics scheduler closed
[main] INFO org.apache.kafka.common.metrics.Metrics - Closing reporter org.apache.kafka.common.metrics.JmxReporter
[main] INFO org.apache.kafka.common.metrics.Metrics - Closing reporter org.apache.kafka.common.telemetry.internals.ClientTelemetryReporter
[main] INFO org.apache.kafka.common.metrics.Metrics - Metrics reporters closed
[main] INFO org.apache.kafka.common.utils.internals.AppInfoParser - App info kafka.producer for producer-1 unregistered
[main] INFO org.apache.kafka.common.config.AbstractConfig - ProducerConfig values:
	acks = -1
	batch.size = 16384
	bootstrap.servers = [127.0.0.1:19286, 127.0.0.1:19287, 127.0.0.1:19288]
	buffer.memory = 33554432
	client.dns.lookup = use_all_dns_ips
	client.id = producer-2
	client.rack =
	compression.gzip.level = -1
	compression.lz4.level = 9
	compression.type = none
	compression.zstd.level = 3
	config.providers = []
	connections.max.idle.ms = 540000
	delivery.timeout.ms = 120000
	enable.idempotence = true
	enable.metrics.push = true
	interceptor.classes = []
	key.serializer = class org.apache.kafka.common.serialization.ByteArraySerializer
	linger.ms = 5
	max.block.ms = 60000
	max.in.flight.requests.per.connection = 5
	max.request.size = 1048576
	metadata.cluster.check.enable = true
	metadata.max.age.ms = 300000
	metadata.max.idle.ms = 300000
	metadata.recovery.rebootstrap.trigger.ms = 300000
	metadata.recovery.strategy = rebootstrap
	metric.reporters = [org.apache.kafka.common.metrics.JmxReporter]
	metrics.num.samples = 2
	metrics.recording.level = INFO
	metrics.sample.window.ms = 30000
	partitioner.adaptive.partitioning.enable = true
	partitioner.availability.timeout.ms = 0
	partitioner.class = null
	partitioner.ignore.keys = false
	partitioner.rack.aware = false
	receive.buffer.bytes = 32768
	reconnect.backoff.max.ms = 1000
	reconnect.backoff.ms = 50
	request.timeout.ms = 30000
	retries = 2147483647
	retry.backoff.max.ms = 1000
	retry.backoff.ms = 100
	sasl.client.callback.handler.class = null
	sasl.jaas.config = null
	sasl.kerberos.kinit.cmd = /usr/bin/kinit
	sasl.kerberos.min.time.before.relogin = 60000
	sasl.kerberos.service.name = null
	sasl.kerberos.ticket.renew.jitter = 0.05
	sasl.kerberos.ticket.renew.window.factor = 0.8
	sasl.login.callback.handler.class = null
	sasl.login.class = null
	sasl.login.connect.timeout.ms = null
	sasl.login.read.timeout.ms = null
	sasl.login.refresh.buffer.seconds = 300
	sasl.login.refresh.min.period.seconds = 60
	sasl.login.refresh.window.factor = 0.8
	sasl.login.refresh.window.jitter = 0.05
	sasl.login.retry.backoff.max.ms = 10000
	sasl.login.retry.backoff.ms = 100
	sasl.mechanism = GSSAPI
	sasl.oauthbearer.allow.unverified.audience = false
	sasl.oauthbearer.allow.unverified.issuer = false
	sasl.oauthbearer.assertion.algorithm = RS256
	sasl.oauthbearer.assertion.claim.aud = null
	sasl.oauthbearer.assertion.claim.exp.seconds = 300
	sasl.oauthbearer.assertion.claim.iss = null
	sasl.oauthbearer.assertion.claim.jti.include = false
	sasl.oauthbearer.assertion.claim.nbf.seconds = 60
	sasl.oauthbearer.assertion.claim.sub = null
	sasl.oauthbearer.assertion.file = null
	sasl.oauthbearer.assertion.private.key.file = null
	sasl.oauthbearer.assertion.private.key.passphrase = null
	sasl.oauthbearer.assertion.template.file = null
	sasl.oauthbearer.client.credentials.client.id = null
	sasl.oauthbearer.client.credentials.client.secret = null
	sasl.oauthbearer.clock.skew.seconds = 30
	sasl.oauthbearer.expected.audience = []
	sasl.oauthbearer.expected.issuer = null
	sasl.oauthbearer.header.urlencode = false
	sasl.oauthbearer.jwks.endpoint.refresh.ms = 3600000
	sasl.oauthbearer.jwks.endpoint.retry.backoff.max.ms = 10000
	sasl.oauthbearer.jwks.endpoint.retry.backoff.ms = 100
	sasl.oauthbearer.jwks.endpoint.url = null
	sasl.oauthbearer.jwt.retriever.class = class org.apache.kafka.common.security.oauthbearer.DefaultJwtRetriever
	sasl.oauthbearer.jwt.validator.class = class org.apache.kafka.common.security.oauthbearer.DefaultJwtValidator
	sasl.oauthbearer.scope = null
	sasl.oauthbearer.scope.claim.name = scope
	sasl.oauthbearer.sub.claim.name = sub
	sasl.oauthbearer.token.endpoint.url = null
	security.protocol = PLAINTEXT
	security.providers = null
	send.buffer.bytes = 131072
	socket.connection.setup.timeout.max.ms = 30000
	socket.connection.setup.timeout.ms = 10000
	ssl.cipher.suites = []
	ssl.enabled.protocols = [TLSv1.2, TLSv1.3]
	ssl.endpoint.identification.algorithm = https
	ssl.engine.factory.class = null
	ssl.key.password = null
	ssl.keymanager.algorithm = SunX509
	ssl.keystore.certificate.chain = null
	ssl.keystore.key = null
	ssl.keystore.location = null
	ssl.keystore.password = null
	ssl.keystore.type = JKS
	ssl.protocol = TLSv1.3
	ssl.provider = null
	ssl.secure.random.implementation = null
	ssl.trustmanager.algorithm = PKIX
	ssl.truststore.certificates = null
	ssl.truststore.location = null
	ssl.truststore.password = null
	ssl.truststore.type = JKS
	transaction.timeout.ms = 60000
	transaction.two.phase.commit.enable = false
	transactional.id = null
	value.serializer = class org.apache.kafka.common.serialization.ByteArraySerializer

[main] INFO org.apache.kafka.common.telemetry.internals.KafkaMetricsCollector - initializing Kafka metrics collector
[main] INFO org.apache.kafka.clients.producer.KafkaProducer - [Producer clientId=producer-2] Instantiated an idempotent producer.
[main] INFO org.apache.kafka.common.utils.internals.AppInfoParser - Kafka version: 4.4.0-SNAPSHOT
[main] INFO org.apache.kafka.common.utils.internals.AppInfoParser - Kafka commitId: unknown
[main] INFO org.apache.kafka.common.utils.internals.AppInfoParser - Kafka startTimeMs: 1791479674246
[kafka-producer-network-thread | producer-2] INFO org.apache.kafka.clients.Metadata - [Producer clientId=producer-2] Cluster ID: MkU3OEVBNTcwNTJENDM2Qk
[kafka-producer-network-thread | producer-2] INFO org.apache.kafka.clients.producer.internals.TransactionManager - [Producer clientId=producer-2] ProducerId set to 2000 with epoch 0
[main] INFO org.apache.kafka.clients.producer.KafkaProducer - [Producer clientId=producer-2] Closing the Kafka producer with timeoutMillis = 9223372036854775807 ms.
[main] INFO org.apache.kafka.common.metrics.Metrics - Metrics scheduler closed
[main] INFO org.apache.kafka.common.metrics.Metrics - Closing reporter org.apache.kafka.common.metrics.JmxReporter
[main] INFO org.apache.kafka.common.metrics.Metrics - Closing reporter org.apache.kafka.common.telemetry.internals.ClientTelemetryReporter
[main] INFO org.apache.kafka.common.metrics.Metrics - Metrics reporters closed
[main] INFO org.apache.kafka.common.utils.internals.AppInfoParser - App info kafka.producer for producer-2 unregistered
[main] INFO org.apache.kafka.common.config.AbstractConfig - ProducerConfig values:
	acks = -1
	batch.size = 16384
	bootstrap.servers = [127.0.0.1:19286, 127.0.0.1:19287, 127.0.0.1:19288]
	buffer.memory = 33554432
	client.dns.lookup = use_all_dns_ips
	client.id = producer-3
	client.rack =
	compression.gzip.level = -1
	compression.lz4.level = 9
	compression.type = none
	compression.zstd.level = 3
	config.providers = []
	connections.max.idle.ms = 540000
	delivery.timeout.ms = 120000
	enable.idempotence = true
	enable.metrics.push = true
	interceptor.classes = []
	key.serializer = class org.apache.kafka.common.serialization.ByteArraySerializer
	linger.ms = 5
	max.block.ms = 60000
	max.in.flight.requests.per.connection = 5
	max.request.size = 1048576
	metadata.cluster.check.enable = true
	metadata.max.age.ms = 300000
	metadata.max.idle.ms = 300000
	metadata.recovery.rebootstrap.trigger.ms = 300000
	metadata.recovery.strategy = rebootstrap
	metric.reporters = [org.apache.kafka.common.metrics.JmxReporter]
	metrics.num.samples = 2
	metrics.recording.level = INFO
	metrics.sample.window.ms = 30000
	partitioner.adaptive.partitioning.enable = true
	partitioner.availability.timeout.ms = 0
	partitioner.class = null
	partitioner.ignore.keys = false
	partitioner.rack.aware = false
	receive.buffer.bytes = 32768
	reconnect.backoff.max.ms = 1000
	reconnect.backoff.ms = 50
	request.timeout.ms = 30000
	retries = 2147483647
	retry.backoff.max.ms = 1000
	retry.backoff.ms = 100
	sasl.client.callback.handler.class = null
	sasl.jaas.config = null
	sasl.kerberos.kinit.cmd = /usr/bin/kinit
	sasl.kerberos.min.time.before.relogin = 60000
	sasl.kerberos.service.name = null
	sasl.kerberos.ticket.renew.jitter = 0.05
	sasl.kerberos.ticket.renew.window.factor = 0.8
	sasl.login.callback.handler.class = null
	sasl.login.class = null
	sasl.login.connect.timeout.ms = null
	sasl.login.read.timeout.ms = null
	sasl.login.refresh.buffer.seconds = 300
	sasl.login.refresh.min.period.seconds = 60
	sasl.login.refresh.window.factor = 0.8
	sasl.login.refresh.window.jitter = 0.05
	sasl.login.retry.backoff.max.ms = 10000
	sasl.login.retry.backoff.ms = 100
	sasl.mechanism = GSSAPI
	sasl.oauthbearer.allow.unverified.audience = false
	sasl.oauthbearer.allow.unverified.issuer = false
	sasl.oauthbearer.assertion.algorithm = RS256
	sasl.oauthbearer.assertion.claim.aud = null
	sasl.oauthbearer.assertion.claim.exp.seconds = 300
	sasl.oauthbearer.assertion.claim.iss = null
	sasl.oauthbearer.assertion.claim.jti.include = false
	sasl.oauthbearer.assertion.claim.nbf.seconds = 60
	sasl.oauthbearer.assertion.claim.sub = null
	sasl.oauthbearer.assertion.file = null
	sasl.oauthbearer.assertion.private.key.file = null
	sasl.oauthbearer.assertion.private.key.passphrase = null
	sasl.oauthbearer.assertion.template.file = null
	sasl.oauthbearer.client.credentials.client.id = null
	sasl.oauthbearer.client.credentials.client.secret = null
	sasl.oauthbearer.clock.skew.seconds = 30
	sasl.oauthbearer.expected.audience = []
	sasl.oauthbearer.expected.issuer = null
	sasl.oauthbearer.header.urlencode = false
	sasl.oauthbearer.jwks.endpoint.refresh.ms = 3600000
	sasl.oauthbearer.jwks.endpoint.retry.backoff.max.ms = 10000
	sasl.oauthbearer.jwks.endpoint.retry.backoff.ms = 100
	sasl.oauthbearer.jwks.endpoint.url = null
	sasl.oauthbearer.jwt.retriever.class = class org.apache.kafka.common.security.oauthbearer.DefaultJwtRetriever
	sasl.oauthbearer.jwt.validator.class = class org.apache.kafka.common.security.oauthbearer.DefaultJwtValidator
	sasl.oauthbearer.scope = null
	sasl.oauthbearer.scope.claim.name = scope
	sasl.oauthbearer.sub.claim.name = sub
	sasl.oauthbearer.token.endpoint.url = null
	security.protocol = PLAINTEXT
	security.providers = null
	send.buffer.bytes = 131072
	socket.connection.setup.timeout.max.ms = 30000
	socket.connection.setup.timeout.ms = 10000
	ssl.cipher.suites = []
	ssl.enabled.protocols = [TLSv1.2, TLSv1.3]
	ssl.endpoint.identification.algorithm = https
	ssl.engine.factory.class = null
	ssl.key.password = null
	ssl.keymanager.algorithm = SunX509
	ssl.keystore.certificate.chain = null
	ssl.keystore.key = null
	ssl.keystore.location = null
	ssl.keystore.password = null
	ssl.keystore.type = JKS
	ssl.protocol = TLSv1.3
	ssl.provider = null
	ssl.secure.random.implementation = null
	ssl.trustmanager.algorithm = PKIX
	ssl.truststore.certificates = null
	ssl.truststore.location = null
	ssl.truststore.password = null
	ssl.truststore.type = JKS
	transaction.timeout.ms = 60000
	transaction.two.phase.commit.enable = false
	transactional.id = null
	value.serializer = class org.apache.kafka.common.serialization.ByteArraySerializer

[main] INFO org.apache.kafka.common.telemetry.internals.KafkaMetricsCollector - initializing Kafka metrics collector
[main] INFO org.apache.kafka.clients.producer.KafkaProducer - [Producer clientId=producer-3] Instantiated an idempotent producer.
[main] INFO org.apache.kafka.common.utils.internals.AppInfoParser - Kafka version: 4.4.0-SNAPSHOT
[main] INFO org.apache.kafka.common.utils.internals.AppInfoParser - Kafka commitId: unknown
[main] INFO org.apache.kafka.common.utils.internals.AppInfoParser - Kafka startTimeMs: 1791479674387
[kafka-producer-network-thread | producer-3] INFO org.apache.kafka.clients.Metadata - [Producer clientId=producer-3] Cluster ID: MkU3OEVBNTcwNTJENDM2Qk
[kafka-producer-network-thread | producer-3] INFO org.apache.kafka.clients.producer.internals.TransactionManager - [Producer clientId=producer-3] ProducerId set to 0 with epoch 0
[main] INFO org.apache.kafka.clients.producer.KafkaProducer - [Producer clientId=producer-3] Closing the Kafka producer with timeoutMillis = 9223372036854775807 ms.
[main] INFO org.apache.kafka.common.metrics.Metrics - Metrics scheduler closed
[main] INFO org.apache.kafka.common.metrics.Metrics - Closing reporter org.apache.kafka.common.metrics.JmxReporter
[main] INFO org.apache.kafka.common.metrics.Metrics - Closing reporter org.apache.kafka.common.telemetry.internals.ClientTelemetryReporter
[main] INFO org.apache.kafka.common.metrics.Metrics - Metrics reporters closed
[main] INFO org.apache.kafka.common.utils.internals.AppInfoParser - App info kafka.producer for producer-3 unregistered
[main] INFO org.apache.kafka.common.config.AbstractConfig - ProducerConfig values:
	acks = -1
	batch.size = 16384
	bootstrap.servers = [127.0.0.1:19286, 127.0.0.1:19287, 127.0.0.1:19288]
	buffer.memory = 33554432
	client.dns.lookup = use_all_dns_ips
	client.id = producer-4
	client.rack =
	compression.gzip.level = -1
	compression.lz4.level = 9
	compression.type = none
	compression.zstd.level = 3
	config.providers = []
	connections.max.idle.ms = 540000
	delivery.timeout.ms = 120000
	enable.idempotence = true
	enable.metrics.push = true
	interceptor.classes = []
	key.serializer = class org.apache.kafka.common.serialization.ByteArraySerializer
	linger.ms = 5
	max.block.ms = 60000
	max.in.flight.requests.per.connection = 5
	max.request.size = 1048576
	metadata.cluster.check.enable = true
	metadata.max.age.ms = 300000
	metadata.max.idle.ms = 300000
	metadata.recovery.rebootstrap.trigger.ms = 300000
	metadata.recovery.strategy = rebootstrap
	metric.reporters = [org.apache.kafka.common.metrics.JmxReporter]
	metrics.num.samples = 2
	metrics.recording.level = INFO
	metrics.sample.window.ms = 30000
	partitioner.adaptive.partitioning.enable = true
	partitioner.availability.timeout.ms = 0
	partitioner.class = null
	partitioner.ignore.keys = false
	partitioner.rack.aware = false
	receive.buffer.bytes = 32768
	reconnect.backoff.max.ms = 1000
	reconnect.backoff.ms = 50
	request.timeout.ms = 30000
	retries = 2147483647
	retry.backoff.max.ms = 1000
	retry.backoff.ms = 100
	sasl.client.callback.handler.class = null
	sasl.jaas.config = null
	sasl.kerberos.kinit.cmd = /usr/bin/kinit
	sasl.kerberos.min.time.before.relogin = 60000
	sasl.kerberos.service.name = null
	sasl.kerberos.ticket.renew.jitter = 0.05
	sasl.kerberos.ticket.renew.window.factor = 0.8
	sasl.login.callback.handler.class = null
	sasl.login.class = null
	sasl.login.connect.timeout.ms = null
	sasl.login.read.timeout.ms = null
	sasl.login.refresh.buffer.seconds = 300
	sasl.login.refresh.min.period.seconds = 60
	sasl.login.refresh.window.factor = 0.8
	sasl.login.refresh.window.jitter = 0.05
	sasl.login.retry.backoff.max.ms = 10000
	sasl.login.retry.backoff.ms = 100
	sasl.mechanism = GSSAPI
	sasl.oauthbearer.allow.unverified.audience = false
	sasl.oauthbearer.allow.unverified.issuer = false
	sasl.oauthbearer.assertion.algorithm = RS256
	sasl.oauthbearer.assertion.claim.aud = null
	sasl.oauthbearer.assertion.claim.exp.seconds = 300
	sasl.oauthbearer.assertion.claim.iss = null
	sasl.oauthbearer.assertion.claim.jti.include = false
	sasl.oauthbearer.assertion.claim.nbf.seconds = 60
	sasl.oauthbearer.assertion.claim.sub = null
	sasl.oauthbearer.assertion.file = null
	sasl.oauthbearer.assertion.private.key.file = null
	sasl.oauthbearer.assertion.private.key.passphrase = null
	sasl.oauthbearer.assertion.template.file = null
	sasl.oauthbearer.client.credentials.client.id = null
	sasl.oauthbearer.client.credentials.client.secret = null
	sasl.oauthbearer.clock.skew.seconds = 30
	sasl.oauthbearer.expected.audience = []
	sasl.oauthbearer.expected.issuer = null
	sasl.oauthbearer.header.urlencode = false
	sasl.oauthbearer.jwks.endpoint.refresh.ms = 3600000
	sasl.oauthbearer.jwks.endpoint.retry.backoff.max.ms = 10000
	sasl.oauthbearer.jwks.endpoint.retry.backoff.ms = 100
	sasl.oauthbearer.jwks.endpoint.url = null
	sasl.oauthbearer.jwt.retriever.class = class org.apache.kafka.common.security.oauthbearer.DefaultJwtRetriever
	sasl.oauthbearer.jwt.validator.class = class org.apache.kafka.common.security.oauthbearer.DefaultJwtValidator
	sasl.oauthbearer.scope = null
	sasl.oauthbearer.scope.claim.name = scope
	sasl.oauthbearer.sub.claim.name = sub
	sasl.oauthbearer.token.endpoint.url = null
	security.protocol = PLAINTEXT
	security.providers = null
	send.buffer.bytes = 131072
	socket.connection.setup.timeout.max.ms = 30000
	socket.connection.setup.timeout.ms = 10000
	ssl.cipher.suites = []
	ssl.enabled.protocols = [TLSv1.2, TLSv1.3]
	ssl.endpoint.identification.algorithm = https
	ssl.engine.factory.class = null
	ssl.key.password = null
	ssl.keymanager.algorithm = SunX509
	ssl.keystore.certificate.chain = null
	ssl.keystore.key = null
	ssl.keystore.location = null
	ssl.keystore.password = null
	ssl.keystore.type = JKS
	ssl.protocol = TLSv1.3
	ssl.provider = null
	ssl.secure.random.implementation = null
	ssl.trustmanager.algorithm = PKIX
	ssl.truststore.certificates = null
	ssl.truststore.location = null
	ssl.truststore.password = null
	ssl.truststore.type = JKS
	transaction.timeout.ms = 60000
	transaction.two.phase.commit.enable = false
	transactional.id = null
	value.serializer = class org.apache.kafka.common.serialization.ByteArraySerializer

[main] INFO org.apache.kafka.common.telemetry.internals.KafkaMetricsCollector - initializing Kafka metrics collector
[main] INFO org.apache.kafka.clients.producer.KafkaProducer - [Producer clientId=producer-4] Instantiated an idempotent producer.
[main] INFO org.apache.kafka.common.utils.internals.AppInfoParser - Kafka version: 4.4.0-SNAPSHOT
[main] INFO org.apache.kafka.common.utils.internals.AppInfoParser - Kafka commitId: unknown
[main] INFO org.apache.kafka.common.utils.internals.AppInfoParser - Kafka startTimeMs: 1791479674425
[kafka-producer-network-thread | producer-4] INFO org.apache.kafka.clients.Metadata - [Producer clientId=producer-4] Cluster ID: MkU3OEVBNTcwNTJENDM2Qk
[kafka-producer-network-thread | producer-4] INFO org.apache.kafka.clients.producer.internals.TransactionManager - [Producer clientId=producer-4] ProducerId set to 1 with epoch 0
[main] INFO org.apache.kafka.clients.producer.KafkaProducer - [Producer clientId=producer-4] Closing the Kafka producer with timeoutMillis = 9223372036854775807 ms.
[main] INFO org.apache.kafka.common.metrics.Metrics - Metrics scheduler closed
[main] INFO org.apache.kafka.common.metrics.Metrics - Closing reporter org.apache.kafka.common.metrics.JmxReporter
[main] INFO org.apache.kafka.common.metrics.Metrics - Closing reporter org.apache.kafka.common.telemetry.internals.ClientTelemetryReporter
[main] INFO org.apache.kafka.common.metrics.Metrics - Metrics reporters closed
[main] INFO org.apache.kafka.common.utils.internals.AppInfoParser - App info kafka.producer for producer-4 unregistered
[main] INFO org.apache.kafka.common.config.AbstractConfig - ConsumerConfig values:
	allow.auto.create.topics = true
	auto.commit.interval.ms = 5000
	auto.offset.reset = earliest
	bootstrap.servers = [127.0.0.1:19286, 127.0.0.1:19287, 127.0.0.1:19288]
	check.crcs = true
	client.dns.lookup = use_all_dns_ips
	client.id = consumer-nereus-delay-target-source-73b7d04e-8b68-4d15-b6c7-70bfc81210ce-1
	client.rack =
	config.providers = []
	connections.max.idle.ms = 540000
	default.api.timeout.ms = 5000
	enable.auto.commit = false
	enable.metrics.push = true
	exclude.internal.topics = true
	fetch.max.bytes = 52428800
	fetch.max.wait.ms = 500
	fetch.min.bytes = 1
	group.id = nereus-delay-target-source-73b7d04e-8b68-4d15-b6c7-70bfc81210ce
	group.instance.id = null
	group.protocol = classic
	group.remote.assignor = null
	heartbeat.interval.ms = 3000
	interceptor.classes = []
	internal.throw.on.fetch.stable.offset.unsupported = false
	isolation.level = read_uncommitted
	key.deserializer = class org.apache.kafka.common.serialization.ByteArrayDeserializer
	max.partition.fetch.bytes = 1048576
	max.poll.interval.ms = 300000
	max.poll.records = 500
	metadata.cluster.check.enable = true
	metadata.max.age.ms = 300000
	metadata.recovery.rebootstrap.trigger.ms = 300000
	metadata.recovery.strategy = rebootstrap
	metric.reporters = [org.apache.kafka.common.metrics.JmxReporter]
	metrics.num.samples = 2
	metrics.recording.level = INFO
	metrics.sample.window.ms = 30000
	partition.assignment.strategy = [class org.apache.kafka.clients.consumer.RangeAssignor, class org.apache.kafka.clients.consumer.CooperativeStickyAssignor]
	receive.buffer.bytes = 65536
	reconnect.backoff.max.ms = 1000
	reconnect.backoff.ms = 50
	request.timeout.ms = 2000
	retry.backoff.max.ms = 1000
	retry.backoff.ms = 100
	sasl.client.callback.handler.class = null
	sasl.jaas.config = null
	sasl.kerberos.kinit.cmd = /usr/bin/kinit
	sasl.kerberos.min.time.before.relogin = 60000
	sasl.kerberos.service.name = null
	sasl.kerberos.ticket.renew.jitter = 0.05
	sasl.kerberos.ticket.renew.window.factor = 0.8
	sasl.login.callback.handler.class = null
	sasl.login.class = null
	sasl.login.connect.timeout.ms = null
	sasl.login.read.timeout.ms = null
	sasl.login.refresh.buffer.seconds = 300
	sasl.login.refresh.min.period.seconds = 60
	sasl.login.refresh.window.factor = 0.8
	sasl.login.refresh.window.jitter = 0.05
	sasl.login.retry.backoff.max.ms = 10000
	sasl.login.retry.backoff.ms = 100
	sasl.mechanism = GSSAPI
	sasl.oauthbearer.allow.unverified.audience = false
	sasl.oauthbearer.allow.unverified.issuer = false
	sasl.oauthbearer.assertion.algorithm = RS256
	sasl.oauthbearer.assertion.claim.aud = null
	sasl.oauthbearer.assertion.claim.exp.seconds = 300
	sasl.oauthbearer.assertion.claim.iss = null
	sasl.oauthbearer.assertion.claim.jti.include = false
	sasl.oauthbearer.assertion.claim.nbf.seconds = 60
	sasl.oauthbearer.assertion.claim.sub = null
	sasl.oauthbearer.assertion.file = null
	sasl.oauthbearer.assertion.private.key.file = null
	sasl.oauthbearer.assertion.private.key.passphrase = null
	sasl.oauthbearer.assertion.template.file = null
	sasl.oauthbearer.client.credentials.client.id = null
	sasl.oauthbearer.client.credentials.client.secret = null
	sasl.oauthbearer.clock.skew.seconds = 30
	sasl.oauthbearer.expected.audience = []
	sasl.oauthbearer.expected.issuer = null
	sasl.oauthbearer.header.urlencode = false
	sasl.oauthbearer.jwks.endpoint.refresh.ms = 3600000
	sasl.oauthbearer.jwks.endpoint.retry.backoff.max.ms = 10000
	sasl.oauthbearer.jwks.endpoint.retry.backoff.ms = 100
	sasl.oauthbearer.jwks.endpoint.url = null
	sasl.oauthbearer.jwt.retriever.class = class org.apache.kafka.common.security.oauthbearer.DefaultJwtRetriever
	sasl.oauthbearer.jwt.validator.class = class org.apache.kafka.common.security.oauthbearer.DefaultJwtValidator
	sasl.oauthbearer.scope = null
	sasl.oauthbearer.scope.claim.name = scope
	sasl.oauthbearer.sub.claim.name = sub
	sasl.oauthbearer.token.endpoint.url = null
	security.protocol = PLAINTEXT
	security.providers = null
	send.buffer.bytes = 131072
	session.timeout.ms = 45000
	share.acknowledgement.mode = implicit
	share.acquire.mode = BATCH_OPTIMIZED
	socket.connection.setup.timeout.max.ms = 30000
	socket.connection.setup.timeout.ms = 10000
	ssl.cipher.suites = []
	ssl.enabled.protocols = [TLSv1.2, TLSv1.3]
	ssl.endpoint.identification.algorithm = https
	ssl.engine.factory.class = null
	ssl.key.password = null
	ssl.keymanager.algorithm = SunX509
	ssl.keystore.certificate.chain = null
	ssl.keystore.key = null
	ssl.keystore.location = null
	ssl.keystore.password = null
	ssl.keystore.type = JKS
	ssl.protocol = TLSv1.3
	ssl.provider = null
	ssl.secure.random.implementation = null
	ssl.trustmanager.algorithm = PKIX
	ssl.truststore.certificates = null
	ssl.truststore.location = null
	ssl.truststore.password = null
	ssl.truststore.type = JKS
	value.deserializer = class org.apache.kafka.common.serialization.ByteArrayDeserializer

[main] INFO org.apache.kafka.common.telemetry.internals.KafkaMetricsCollector - initializing Kafka metrics collector
[main] INFO org.apache.kafka.clients.consumer.internals.ClassicKafkaConsumer - [Consumer clientId=consumer-nereus-delay-target-source-73b7d04e-8b68-4d15-b6c7-70bfc81210ce-1, groupId=nereus-delay-target-source-73b7d04e-8b68-4d15-b6c7-70bfc81210ce]
****************************************************************
* The consumer rebalance protocol (KIP-848) is production-ready!
* Set the consumer configuration group.protocol=consumer to try it out.
* See https://kafka.apache.org/documentation/#consumer_rebalance_protocol
****************************************************************
[main] INFO org.apache.kafka.common.utils.internals.AppInfoParser - Kafka version: 4.4.0-SNAPSHOT
[main] INFO org.apache.kafka.common.utils.internals.AppInfoParser - Kafka commitId: unknown
[main] INFO org.apache.kafka.common.utils.internals.AppInfoParser - Kafka startTimeMs: 1791479674727
[main] INFO org.apache.kafka.clients.consumer.internals.ClassicKafkaConsumer - [Consumer clientId=consumer-nereus-delay-target-source-73b7d04e-8b68-4d15-b6c7-70bfc81210ce-1, groupId=nereus-delay-target-source-73b7d04e-8b68-4d15-b6c7-70bfc81210ce] Assigned to partition(s): nereus-delay-source-topic-target-worker-target-f656f64f-5c8b-45d0-a45a-30b44fe811fd-0
[main] INFO org.apache.kafka.clients.consumer.internals.ClassicKafkaConsumer - [Consumer clientId=consumer-nereus-delay-target-source-73b7d04e-8b68-4d15-b6c7-70bfc81210ce-1, groupId=nereus-delay-target-source-73b7d04e-8b68-4d15-b6c7-70bfc81210ce] Seeking to offset 1 for partition nereus-delay-source-topic-target-worker-target-f656f64f-5c8b-45d0-a45a-30b44fe811fd-0
[main] INFO org.apache.kafka.clients.Metadata - [Consumer clientId=consumer-nereus-delay-target-source-73b7d04e-8b68-4d15-b6c7-70bfc81210ce-1, groupId=nereus-delay-target-source-73b7d04e-8b68-4d15-b6c7-70bfc81210ce] Cluster ID: MkU3OEVBNTcwNTJENDM2Qk
[main] INFO org.apache.kafka.clients.consumer.internals.ConsumerCoordinator - [Consumer clientId=consumer-nereus-delay-target-source-73b7d04e-8b68-4d15-b6c7-70bfc81210ce-1, groupId=nereus-delay-target-source-73b7d04e-8b68-4d15-b6c7-70bfc81210ce] Discovered group coordinator 127.0.0.1:19287 (id: +2 rack: null isFenced: false)
[main] INFO org.apache.kafka.clients.NetworkClient - [Consumer clientId=consumer-nereus-delay-target-source-73b7d04e-8b68-4d15-b6c7-70bfc81210ce-1, groupId=nereus-delay-target-source-73b7d04e-8b68-4d15-b6c7-70bfc81210ce] Node +2 disconnected.
[main] INFO org.apache.kafka.clients.NetworkClient - [Consumer clientId=consumer-nereus-delay-target-source-73b7d04e-8b68-4d15-b6c7-70bfc81210ce-1, groupId=nereus-delay-target-source-73b7d04e-8b68-4d15-b6c7-70bfc81210ce] Cancelled in-flight OFFSET_COMMIT request with correlation id 10 due to node +2 being disconnected (elapsed time since creation: 21ms, elapsed time since send: 15ms, throttle time: 0ms, request timeout: 2000ms)
[main] INFO org.apache.kafka.clients.consumer.internals.ConsumerCoordinator - [Consumer clientId=consumer-nereus-delay-target-source-73b7d04e-8b68-4d15-b6c7-70bfc81210ce-1, groupId=nereus-delay-target-source-73b7d04e-8b68-4d15-b6c7-70bfc81210ce] Group coordinator 127.0.0.1:19287 (id: +2 rack: null isFenced: false) is unavailable or invalid due to cause: null. isDisconnected: true. Rediscovery will be attempted.
[main] INFO org.apache.kafka.clients.consumer.internals.ConsumerCoordinator - [Consumer clientId=consumer-nereus-delay-target-source-73b7d04e-8b68-4d15-b6c7-70bfc81210ce-1, groupId=nereus-delay-target-source-73b7d04e-8b68-4d15-b6c7-70bfc81210ce] Discovered group coordinator 127.0.0.1:19287 (id: +2 rack: null isFenced: false)
[main] INFO org.apache.kafka.clients.NetworkClient - [Consumer clientId=consumer-nereus-delay-target-source-73b7d04e-8b68-4d15-b6c7-70bfc81210ce-1, groupId=nereus-delay-target-source-73b7d04e-8b68-4d15-b6c7-70bfc81210ce] Node +2 disconnected.
[main] INFO org.apache.kafka.clients.NetworkClient - [Consumer clientId=consumer-nereus-delay-target-source-73b7d04e-8b68-4d15-b6c7-70bfc81210ce-1, groupId=nereus-delay-target-source-73b7d04e-8b68-4d15-b6c7-70bfc81210ce] Cancelled in-flight OFFSET_COMMIT request with correlation id 14 due to node +2 being disconnected (elapsed time since creation: 8ms, elapsed time since send: 2ms, throttle time: 0ms, request timeout: 2000ms)
[main] INFO org.apache.kafka.clients.consumer.internals.ConsumerCoordinator - [Consumer clientId=consumer-nereus-delay-target-source-73b7d04e-8b68-4d15-b6c7-70bfc81210ce-1, groupId=nereus-delay-target-source-73b7d04e-8b68-4d15-b6c7-70bfc81210ce] Group coordinator 127.0.0.1:19287 (id: +2 rack: null isFenced: false) is unavailable or invalid due to cause: null. isDisconnected: true. Rediscovery will be attempted.
[main] INFO org.apache.kafka.clients.consumer.internals.ConsumerCoordinator - [Consumer clientId=consumer-nereus-delay-target-source-73b7d04e-8b68-4d15-b6c7-70bfc81210ce-1, groupId=nereus-delay-target-source-73b7d04e-8b68-4d15-b6c7-70bfc81210ce] Discovered group coordinator 127.0.0.1:19287 (id: +2 rack: null isFenced: false)
[main] INFO org.apache.kafka.clients.NetworkClient - [Consumer clientId=consumer-nereus-delay-target-source-73b7d04e-8b68-4d15-b6c7-70bfc81210ce-1, groupId=nereus-delay-target-source-73b7d04e-8b68-4d15-b6c7-70bfc81210ce] Node +2 disconnected.
[main] INFO org.apache.kafka.clients.NetworkClient - [Consumer clientId=consumer-nereus-delay-target-source-73b7d04e-8b68-4d15-b6c7-70bfc81210ce-1, groupId=nereus-delay-target-source-73b7d04e-8b68-4d15-b6c7-70bfc81210ce] Cancelled in-flight OFFSET_COMMIT request with correlation id 18 due to node +2 being disconnected (elapsed time since creation: 40ms, elapsed time since send: 38ms, throttle time: 0ms, request timeout: 2000ms)
[main] INFO org.apache.kafka.clients.consumer.internals.ConsumerCoordinator - [Consumer clientId=consumer-nereus-delay-target-source-73b7d04e-8b68-4d15-b6c7-70bfc81210ce-1, groupId=nereus-delay-target-source-73b7d04e-8b68-4d15-b6c7-70bfc81210ce] Group coordinator 127.0.0.1:19287 (id: +2 rack: null isFenced: false) is unavailable or invalid due to cause: null. isDisconnected: true. Rediscovery will be attempted.
[main] INFO org.apache.kafka.clients.consumer.internals.ConsumerCoordinator - [Consumer clientId=consumer-nereus-delay-target-source-73b7d04e-8b68-4d15-b6c7-70bfc81210ce-1, groupId=nereus-delay-target-source-73b7d04e-8b68-4d15-b6c7-70bfc81210ce] Discovered group coordinator 127.0.0.1:19287 (id: +2 rack: null isFenced: false)
[main] INFO org.apache.kafka.clients.NetworkClient - [Consumer clientId=consumer-nereus-delay-target-source-73b7d04e-8b68-4d15-b6c7-70bfc81210ce-1, groupId=nereus-delay-target-source-73b7d04e-8b68-4d15-b6c7-70bfc81210ce] Node +2 disconnected.
[main] INFO org.apache.kafka.clients.NetworkClient - [Consumer clientId=consumer-nereus-delay-target-source-73b7d04e-8b68-4d15-b6c7-70bfc81210ce-1, groupId=nereus-delay-target-source-73b7d04e-8b68-4d15-b6c7-70bfc81210ce] Cancelled in-flight OFFSET_COMMIT request with correlation id 22 due to node +2 being disconnected (elapsed time since creation: 11ms, elapsed time since send: 8ms, throttle time: 0ms, request timeout: 2000ms)
[main] INFO org.apache.kafka.clients.consumer.internals.ConsumerCoordinator - [Consumer clientId=consumer-nereus-delay-target-source-73b7d04e-8b68-4d15-b6c7-70bfc81210ce-1, groupId=nereus-delay-target-source-73b7d04e-8b68-4d15-b6c7-70bfc81210ce] Group coordinator 127.0.0.1:19287 (id: +2 rack: null isFenced: false) is unavailable or invalid due to cause: null. isDisconnected: true. Rediscovery will be attempted.
[main] INFO org.apache.kafka.clients.consumer.internals.ConsumerCoordinator - [Consumer clientId=consumer-nereus-delay-target-source-73b7d04e-8b68-4d15-b6c7-70bfc81210ce-1, groupId=nereus-delay-target-source-73b7d04e-8b68-4d15-b6c7-70bfc81210ce] Discovered group coordinator 127.0.0.1:19287 (id: +2 rack: null isFenced: false)
[main] INFO org.apache.kafka.clients.NetworkClient - [Consumer clientId=consumer-nereus-delay-target-source-73b7d04e-8b68-4d15-b6c7-70bfc81210ce-1, groupId=nereus-delay-target-source-73b7d04e-8b68-4d15-b6c7-70bfc81210ce] Node +2 disconnected.
[main] INFO org.apache.kafka.clients.NetworkClient - [Consumer clientId=consumer-nereus-delay-target-source-73b7d04e-8b68-4d15-b6c7-70bfc81210ce-1, groupId=nereus-delay-target-source-73b7d04e-8b68-4d15-b6c7-70bfc81210ce] Cancelled in-flight OFFSET_COMMIT request with correlation id 26 due to node +2 being disconnected (elapsed time since creation: 16ms, elapsed time since send: 9ms, throttle time: 0ms, request timeout: 2000ms)
[main] INFO org.apache.kafka.clients.consumer.internals.ConsumerCoordinator - [Consumer clientId=consumer-nereus-delay-target-source-73b7d04e-8b68-4d15-b6c7-70bfc81210ce-1, groupId=nereus-delay-target-source-73b7d04e-8b68-4d15-b6c7-70bfc81210ce] Group coordinator 127.0.0.1:19287 (id: +2 rack: null isFenced: false) is unavailable or invalid due to cause: null. isDisconnected: true. Rediscovery will be attempted.
[main] INFO org.apache.kafka.clients.consumer.internals.ConsumerCoordinator - [Consumer clientId=consumer-nereus-delay-target-source-73b7d04e-8b68-4d15-b6c7-70bfc81210ce-1, groupId=nereus-delay-target-source-73b7d04e-8b68-4d15-b6c7-70bfc81210ce] Discovered group coordinator 127.0.0.1:19287 (id: +2 rack: null isFenced: false)
[main] INFO org.apache.kafka.clients.NetworkClient - [Consumer clientId=consumer-nereus-delay-target-source-73b7d04e-8b68-4d15-b6c7-70bfc81210ce-1, groupId=nereus-delay-target-source-73b7d04e-8b68-4d15-b6c7-70bfc81210ce] Node +2 disconnected.
[main] INFO org.apache.kafka.clients.NetworkClient - [Consumer clientId=consumer-nereus-delay-target-source-73b7d04e-8b68-4d15-b6c7-70bfc81210ce-1, groupId=nereus-delay-target-source-73b7d04e-8b68-4d15-b6c7-70bfc81210ce] Cancelled in-flight OFFSET_COMMIT request with correlation id 30 due to node +2 being disconnected (elapsed time since creation: 12ms, elapsed time since send: 9ms, throttle time: 0ms, request timeout: 2000ms)
[main] INFO org.apache.kafka.clients.consumer.internals.ConsumerCoordinator - [Consumer clientId=consumer-nereus-delay-target-source-73b7d04e-8b68-4d15-b6c7-70bfc81210ce-1, groupId=nereus-delay-target-source-73b7d04e-8b68-4d15-b6c7-70bfc81210ce] Group coordinator 127.0.0.1:19287 (id: +2 rack: null isFenced: false) is unavailable or invalid due to cause: null. isDisconnected: true. Rediscovery will be attempted.
[main] INFO org.apache.kafka.clients.consumer.internals.ConsumerCoordinator - [Consumer clientId=consumer-nereus-delay-target-source-73b7d04e-8b68-4d15-b6c7-70bfc81210ce-1, groupId=nereus-delay-target-source-73b7d04e-8b68-4d15-b6c7-70bfc81210ce] Discovered group coordinator 127.0.0.1:19287 (id: +2 rack: null isFenced: false)
[main] INFO org.apache.kafka.clients.NetworkClient - [Consumer clientId=consumer-nereus-delay-target-source-73b7d04e-8b68-4d15-b6c7-70bfc81210ce-1, groupId=nereus-delay-target-source-73b7d04e-8b68-4d15-b6c7-70bfc81210ce] Node +2 disconnected.
[main] INFO org.apache.kafka.clients.NetworkClient - [Consumer clientId=consumer-nereus-delay-target-source-73b7d04e-8b68-4d15-b6c7-70bfc81210ce-1, groupId=nereus-delay-target-source-73b7d04e-8b68-4d15-b6c7-70bfc81210ce] Cancelled in-flight OFFSET_COMMIT request with correlation id 34 due to node +2 being disconnected (elapsed time since creation: 10ms, elapsed time since send: 7ms, throttle time: 0ms, request timeout: 2000ms)
[main] INFO org.apache.kafka.clients.consumer.internals.ConsumerCoordinator - [Consumer clientId=consumer-nereus-delay-target-source-73b7d04e-8b68-4d15-b6c7-70bfc81210ce-1, groupId=nereus-delay-target-source-73b7d04e-8b68-4d15-b6c7-70bfc81210ce] Group coordinator 127.0.0.1:19287 (id: +2 rack: null isFenced: false) is unavailable or invalid due to cause: null. isDisconnected: true. Rediscovery will be attempted.
[main] INFO org.apache.kafka.common.config.AbstractConfig - ConsumerConfig values:
	allow.auto.create.topics = true
	auto.commit.interval.ms = 5000
	auto.offset.reset = earliest
	bootstrap.servers = [127.0.0.1:19286, 127.0.0.1:19287, 127.0.0.1:19288]
	check.crcs = true
	client.dns.lookup = use_all_dns_ips
	client.id = consumer-nereus-delay-target-source-73b7d04e-8b68-4d15-b6c7-70bfc81210ce-2
	client.rack =
	config.providers = []
	connections.max.idle.ms = 540000
	default.api.timeout.ms = 60000
	enable.auto.commit = false
	enable.metrics.push = true
	exclude.internal.topics = true
	fetch.max.bytes = 52428800
	fetch.max.wait.ms = 500
	fetch.min.bytes = 1
	group.id = nereus-delay-target-source-73b7d04e-8b68-4d15-b6c7-70bfc81210ce
	group.instance.id = null
	group.protocol = classic
	group.remote.assignor = null
	heartbeat.interval.ms = 3000
	interceptor.classes = []
	internal.throw.on.fetch.stable.offset.unsupported = false
	isolation.level = read_uncommitted
	key.deserializer = class org.apache.kafka.common.serialization.ByteArrayDeserializer
	max.partition.fetch.bytes = 1048576
	max.poll.interval.ms = 300000
	max.poll.records = 500
	metadata.cluster.check.enable = true
	metadata.max.age.ms = 300000
	metadata.recovery.rebootstrap.trigger.ms = 300000
	metadata.recovery.strategy = rebootstrap
	metric.reporters = [org.apache.kafka.common.metrics.JmxReporter]
	metrics.num.samples = 2
	metrics.recording.level = INFO
	metrics.sample.window.ms = 30000
	partition.assignment.strategy = [class org.apache.kafka.clients.consumer.RangeAssignor, class org.apache.kafka.clients.consumer.CooperativeStickyAssignor]
	receive.buffer.bytes = 65536
	reconnect.backoff.max.ms = 1000
	reconnect.backoff.ms = 50
	request.timeout.ms = 30000
	retry.backoff.max.ms = 1000
	retry.backoff.ms = 100
	sasl.client.callback.handler.class = null
	sasl.jaas.config = null
	sasl.kerberos.kinit.cmd = /usr/bin/kinit
	sasl.kerberos.min.time.before.relogin = 60000
	sasl.kerberos.service.name = null
	sasl.kerberos.ticket.renew.jitter = 0.05
	sasl.kerberos.ticket.renew.window.factor = 0.8
	sasl.login.callback.handler.class = null
	sasl.login.class = null
	sasl.login.connect.timeout.ms = null
	sasl.login.read.timeout.ms = null
	sasl.login.refresh.buffer.seconds = 300
	sasl.login.refresh.min.period.seconds = 60
	sasl.login.refresh.window.factor = 0.8
	sasl.login.refresh.window.jitter = 0.05
	sasl.login.retry.backoff.max.ms = 10000
	sasl.login.retry.backoff.ms = 100
	sasl.mechanism = GSSAPI
	sasl.oauthbearer.allow.unverified.audience = false
	sasl.oauthbearer.allow.unverified.issuer = false
	sasl.oauthbearer.assertion.algorithm = RS256
	sasl.oauthbearer.assertion.claim.aud = null
	sasl.oauthbearer.assertion.claim.exp.seconds = 300
	sasl.oauthbearer.assertion.claim.iss = null
	sasl.oauthbearer.assertion.claim.jti.include = false
	sasl.oauthbearer.assertion.claim.nbf.seconds = 60
	sasl.oauthbearer.assertion.claim.sub = null
	sasl.oauthbearer.assertion.file = null
	sasl.oauthbearer.assertion.private.key.file = null
	sasl.oauthbearer.assertion.private.key.passphrase = null
	sasl.oauthbearer.assertion.template.file = null
	sasl.oauthbearer.client.credentials.client.id = null
	sasl.oauthbearer.client.credentials.client.secret = null
	sasl.oauthbearer.clock.skew.seconds = 30
	sasl.oauthbearer.expected.audience = []
	sasl.oauthbearer.expected.issuer = null
	sasl.oauthbearer.header.urlencode = false
	sasl.oauthbearer.jwks.endpoint.refresh.ms = 3600000
	sasl.oauthbearer.jwks.endpoint.retry.backoff.max.ms = 10000
	sasl.oauthbearer.jwks.endpoint.retry.backoff.ms = 100
	sasl.oauthbearer.jwks.endpoint.url = null
	sasl.oauthbearer.jwt.retriever.class = class org.apache.kafka.common.security.oauthbearer.DefaultJwtRetriever
	sasl.oauthbearer.jwt.validator.class = class org.apache.kafka.common.security.oauthbearer.DefaultJwtValidator
	sasl.oauthbearer.scope = null
	sasl.oauthbearer.scope.claim.name = scope
	sasl.oauthbearer.sub.claim.name = sub
	sasl.oauthbearer.token.endpoint.url = null
	security.protocol = PLAINTEXT
	security.providers = null
	send.buffer.bytes = 131072
	session.timeout.ms = 45000
	share.acknowledgement.mode = implicit
	share.acquire.mode = BATCH_OPTIMIZED
	socket.connection.setup.timeout.max.ms = 30000
	socket.connection.setup.timeout.ms = 10000
	ssl.cipher.suites = []
	ssl.enabled.protocols = [TLSv1.2, TLSv1.3]
	ssl.endpoint.identification.algorithm = https
	ssl.engine.factory.class = null
	ssl.key.password = null
	ssl.keymanager.algorithm = SunX509
	ssl.keystore.certificate.chain = null
	ssl.keystore.key = null
	ssl.keystore.location = null
	ssl.keystore.password = null
	ssl.keystore.type = JKS
	ssl.protocol = TLSv1.3
	ssl.provider = null
	ssl.secure.random.implementation = null
	ssl.trustmanager.algorithm = PKIX
	ssl.truststore.certificates = null
	ssl.truststore.location = null
	ssl.truststore.password = null
	ssl.truststore.type = JKS
	value.deserializer = class org.apache.kafka.common.serialization.ByteArrayDeserializer

[main] INFO org.apache.kafka.common.telemetry.internals.KafkaMetricsCollector - initializing Kafka metrics collector
[main] INFO org.apache.kafka.clients.consumer.internals.ClassicKafkaConsumer - [Consumer clientId=consumer-nereus-delay-target-source-73b7d04e-8b68-4d15-b6c7-70bfc81210ce-2, groupId=nereus-delay-target-source-73b7d04e-8b68-4d15-b6c7-70bfc81210ce]
****************************************************************
* The consumer rebalance protocol (KIP-848) is production-ready!
* Set the consumer configuration group.protocol=consumer to try it out.
* See https://kafka.apache.org/documentation/#consumer_rebalance_protocol
****************************************************************
[main] INFO org.apache.kafka.common.utils.internals.AppInfoParser - Kafka version: 4.4.0-SNAPSHOT
[main] INFO org.apache.kafka.common.utils.internals.AppInfoParser - Kafka commitId: unknown
[main] INFO org.apache.kafka.common.utils.internals.AppInfoParser - Kafka startTimeMs: 1791479679958
[main] INFO org.apache.kafka.clients.consumer.internals.ClassicKafkaConsumer - [Consumer clientId=consumer-nereus-delay-target-source-73b7d04e-8b68-4d15-b6c7-70bfc81210ce-2, groupId=nereus-delay-target-source-73b7d04e-8b68-4d15-b6c7-70bfc81210ce] Assigned to partition(s): nereus-delay-source-topic-target-worker-target-f656f64f-5c8b-45d0-a45a-30b44fe811fd-1
[main] INFO org.apache.kafka.clients.consumer.internals.ClassicKafkaConsumer - [Consumer clientId=consumer-nereus-delay-target-source-73b7d04e-8b68-4d15-b6c7-70bfc81210ce-2, groupId=nereus-delay-target-source-73b7d04e-8b68-4d15-b6c7-70bfc81210ce] Seeking to offset 1 for partition nereus-delay-source-topic-target-worker-target-f656f64f-5c8b-45d0-a45a-30b44fe811fd-1
[main] INFO org.apache.kafka.clients.Metadata - [Consumer clientId=consumer-nereus-delay-target-source-73b7d04e-8b68-4d15-b6c7-70bfc81210ce-2, groupId=nereus-delay-target-source-73b7d04e-8b68-4d15-b6c7-70bfc81210ce] Cluster ID: MkU3OEVBNTcwNTJENDM2Qk
[main] INFO org.apache.kafka.clients.consumer.internals.ConsumerCoordinator - [Consumer clientId=consumer-nereus-delay-target-source-73b7d04e-8b68-4d15-b6c7-70bfc81210ce-2, groupId=nereus-delay-target-source-73b7d04e-8b68-4d15-b6c7-70bfc81210ce] Discovered group coordinator 127.0.0.1:19287 (id: +2 rack: null isFenced: false)
K1 semantic companion candidate passed: actual Broker ACK cut/Host/Worker/Store/atomic file placement, no-write reuse and physical audit; empty semantics and Owner/intent/protection authorities are explicit fixtures. No upload/Catalog/install authority.
[main] INFO org.apache.kafka.clients.consumer.internals.ConsumerCoordinator - [Consumer clientId=consumer-nereus-delay-target-source-73b7d04e-8b68-4d15-b6c7-70bfc81210ce-2, groupId=nereus-delay-target-source-73b7d04e-8b68-4d15-b6c7-70bfc81210ce] Resetting generation and member id due to: consumer pro-actively leaving the group
[main] INFO org.apache.kafka.clients.consumer.internals.ConsumerCoordinator - [Consumer clientId=consumer-nereus-delay-target-source-73b7d04e-8b68-4d15-b6c7-70bfc81210ce-2, groupId=nereus-delay-target-source-73b7d04e-8b68-4d15-b6c7-70bfc81210ce] Request joining group due to: consumer pro-actively leaving the group
[main] INFO org.apache.kafka.common.metrics.Metrics - Metrics scheduler closed
[main] INFO org.apache.kafka.common.metrics.Metrics - Closing reporter org.apache.kafka.common.metrics.JmxReporter
[main] INFO org.apache.kafka.common.metrics.Metrics - Closing reporter org.apache.kafka.common.telemetry.internals.ClientTelemetryReporter
[main] INFO org.apache.kafka.common.metrics.Metrics - Metrics reporters closed
[main] INFO org.apache.kafka.common.utils.internals.AppInfoParser - App info kafka.consumer for consumer-nereus-delay-target-source-73b7d04e-8b68-4d15-b6c7-70bfc81210ce-2 unregistered
Kafka Target Worker Host lifecycle passed: real maintenance tick, source apply/ACK, and exact Owner/Store drain.
Kafka Target sibling Shard progressed while the first Shard retained ACK_UNKNOWN: partition=1, brokerOffset=2, status=APPLIED_AND_ACKED.
[main] INFO org.apache.kafka.clients.consumer.internals.ConsumerCoordinator - [Consumer clientId=consumer-nereus-delay-target-source-73b7d04e-8b68-4d15-b6c7-70bfc81210ce-1, groupId=nereus-delay-target-source-73b7d04e-8b68-4d15-b6c7-70bfc81210ce] Resetting generation and member id due to: consumer pro-actively leaving the group
[main] INFO org.apache.kafka.clients.consumer.internals.ConsumerCoordinator - [Consumer clientId=consumer-nereus-delay-target-source-73b7d04e-8b68-4d15-b6c7-70bfc81210ce-1, groupId=nereus-delay-target-source-73b7d04e-8b68-4d15-b6c7-70bfc81210ce] Request joining group due to: consumer pro-actively leaving the group
[main] INFO org.apache.kafka.common.metrics.Metrics - Metrics scheduler closed
[main] INFO org.apache.kafka.common.metrics.Metrics - Closing reporter org.apache.kafka.common.metrics.JmxReporter
[main] INFO org.apache.kafka.common.metrics.Metrics - Closing reporter org.apache.kafka.common.telemetry.internals.ClientTelemetryReporter
[main] INFO org.apache.kafka.common.metrics.Metrics - Metrics reporters closed
[main] INFO org.apache.kafka.common.utils.internals.AppInfoParser - App info kafka.consumer for consumer-nereus-delay-target-source-73b7d04e-8b68-4d15-b6c7-70bfc81210ce-1 unregistered
[main] INFO org.apache.kafka.common.config.AbstractConfig - ConsumerConfig values:
	allow.auto.create.topics = true
	auto.commit.interval.ms = 5000
	auto.offset.reset = earliest
	bootstrap.servers = [127.0.0.1:19286, 127.0.0.1:19287, 127.0.0.1:19288]
	check.crcs = true
	client.dns.lookup = use_all_dns_ips
	client.id = consumer-nereus-delay-target-source-73b7d04e-8b68-4d15-b6c7-70bfc81210ce-3
	client.rack =
	config.providers = []
	connections.max.idle.ms = 540000
	default.api.timeout.ms = 5000
	enable.auto.commit = false
	enable.metrics.push = true
	exclude.internal.topics = true
	fetch.max.bytes = 52428800
	fetch.max.wait.ms = 500
	fetch.min.bytes = 1
	group.id = nereus-delay-target-source-73b7d04e-8b68-4d15-b6c7-70bfc81210ce
	group.instance.id = null
	group.protocol = classic
	group.remote.assignor = null
	heartbeat.interval.ms = 3000
	interceptor.classes = []
	internal.throw.on.fetch.stable.offset.unsupported = false
	isolation.level = read_uncommitted
	key.deserializer = class org.apache.kafka.common.serialization.ByteArrayDeserializer
	max.partition.fetch.bytes = 1048576
	max.poll.interval.ms = 300000
	max.poll.records = 500
	metadata.cluster.check.enable = true
	metadata.max.age.ms = 300000
	metadata.recovery.rebootstrap.trigger.ms = 300000
	metadata.recovery.strategy = rebootstrap
	metric.reporters = [org.apache.kafka.common.metrics.JmxReporter]
	metrics.num.samples = 2
	metrics.recording.level = INFO
	metrics.sample.window.ms = 30000
	partition.assignment.strategy = [class org.apache.kafka.clients.consumer.RangeAssignor, class org.apache.kafka.clients.consumer.CooperativeStickyAssignor]
	receive.buffer.bytes = 65536
	reconnect.backoff.max.ms = 1000
	reconnect.backoff.ms = 50
	request.timeout.ms = 2000
	retry.backoff.max.ms = 1000
	retry.backoff.ms = 100
	sasl.client.callback.handler.class = null
	sasl.jaas.config = null
	sasl.kerberos.kinit.cmd = /usr/bin/kinit
	sasl.kerberos.min.time.before.relogin = 60000
	sasl.kerberos.service.name = null
	sasl.kerberos.ticket.renew.jitter = 0.05
	sasl.kerberos.ticket.renew.window.factor = 0.8
	sasl.login.callback.handler.class = null
	sasl.login.class = null
	sasl.login.connect.timeout.ms = null
	sasl.login.read.timeout.ms = null
	sasl.login.refresh.buffer.seconds = 300
	sasl.login.refresh.min.period.seconds = 60
	sasl.login.refresh.window.factor = 0.8
	sasl.login.refresh.window.jitter = 0.05
	sasl.login.retry.backoff.max.ms = 10000
	sasl.login.retry.backoff.ms = 100
	sasl.mechanism = GSSAPI
	sasl.oauthbearer.allow.unverified.audience = false
	sasl.oauthbearer.allow.unverified.issuer = false
	sasl.oauthbearer.assertion.algorithm = RS256
	sasl.oauthbearer.assertion.claim.aud = null
	sasl.oauthbearer.assertion.claim.exp.seconds = 300
	sasl.oauthbearer.assertion.claim.iss = null
	sasl.oauthbearer.assertion.claim.jti.include = false
	sasl.oauthbearer.assertion.claim.nbf.seconds = 60
	sasl.oauthbearer.assertion.claim.sub = null
	sasl.oauthbearer.assertion.file = null
	sasl.oauthbearer.assertion.private.key.file = null
	sasl.oauthbearer.assertion.private.key.passphrase = null
	sasl.oauthbearer.assertion.template.file = null
	sasl.oauthbearer.client.credentials.client.id = null
	sasl.oauthbearer.client.credentials.client.secret = null
	sasl.oauthbearer.clock.skew.seconds = 30
	sasl.oauthbearer.expected.audience = []
	sasl.oauthbearer.expected.issuer = null
	sasl.oauthbearer.header.urlencode = false
	sasl.oauthbearer.jwks.endpoint.refresh.ms = 3600000
	sasl.oauthbearer.jwks.endpoint.retry.backoff.max.ms = 10000
	sasl.oauthbearer.jwks.endpoint.retry.backoff.ms = 100
	sasl.oauthbearer.jwks.endpoint.url = null
	sasl.oauthbearer.jwt.retriever.class = class org.apache.kafka.common.security.oauthbearer.DefaultJwtRetriever
	sasl.oauthbearer.jwt.validator.class = class org.apache.kafka.common.security.oauthbearer.DefaultJwtValidator
	sasl.oauthbearer.scope = null
	sasl.oauthbearer.scope.claim.name = scope
	sasl.oauthbearer.sub.claim.name = sub
	sasl.oauthbearer.token.endpoint.url = null
	security.protocol = PLAINTEXT
	security.providers = null
	send.buffer.bytes = 131072
	session.timeout.ms = 45000
	share.acknowledgement.mode = implicit
	share.acquire.mode = BATCH_OPTIMIZED
	socket.connection.setup.timeout.max.ms = 30000
	socket.connection.setup.timeout.ms = 10000
	ssl.cipher.suites = []
	ssl.enabled.protocols = [TLSv1.2, TLSv1.3]
	ssl.endpoint.identification.algorithm = https
	ssl.engine.factory.class = null
	ssl.key.password = null
	ssl.keymanager.algorithm = SunX509
	ssl.keystore.certificate.chain = null
	ssl.keystore.key = null
	ssl.keystore.location = null
	ssl.keystore.password = null
	ssl.keystore.type = JKS
	ssl.protocol = TLSv1.3
	ssl.provider = null
	ssl.secure.random.implementation = null
	ssl.trustmanager.algorithm = PKIX
	ssl.truststore.certificates = null
	ssl.truststore.location = null
	ssl.truststore.password = null
	ssl.truststore.type = JKS
	value.deserializer = class org.apache.kafka.common.serialization.ByteArrayDeserializer

[main] INFO org.apache.kafka.common.telemetry.internals.KafkaMetricsCollector - initializing Kafka metrics collector
[main] INFO org.apache.kafka.clients.consumer.internals.ClassicKafkaConsumer - [Consumer clientId=consumer-nereus-delay-target-source-73b7d04e-8b68-4d15-b6c7-70bfc81210ce-3, groupId=nereus-delay-target-source-73b7d04e-8b68-4d15-b6c7-70bfc81210ce]
****************************************************************
* The consumer rebalance protocol (KIP-848) is production-ready!
* Set the consumer configuration group.protocol=consumer to try it out.
* See https://kafka.apache.org/documentation/#consumer_rebalance_protocol
****************************************************************
[main] INFO org.apache.kafka.common.utils.internals.AppInfoParser - Kafka version: 4.4.0-SNAPSHOT
[main] INFO org.apache.kafka.common.utils.internals.AppInfoParser - Kafka commitId: unknown
[main] INFO org.apache.kafka.common.utils.internals.AppInfoParser - Kafka startTimeMs: 1791479680791
[main] INFO org.apache.kafka.clients.consumer.internals.ClassicKafkaConsumer - [Consumer clientId=consumer-nereus-delay-target-source-73b7d04e-8b68-4d15-b6c7-70bfc81210ce-3, groupId=nereus-delay-target-source-73b7d04e-8b68-4d15-b6c7-70bfc81210ce] Assigned to partition(s): nereus-delay-source-topic-target-worker-target-f656f64f-5c8b-45d0-a45a-30b44fe811fd-0
[main] INFO org.apache.kafka.clients.consumer.internals.ClassicKafkaConsumer - [Consumer clientId=consumer-nereus-delay-target-source-73b7d04e-8b68-4d15-b6c7-70bfc81210ce-3, groupId=nereus-delay-target-source-73b7d04e-8b68-4d15-b6c7-70bfc81210ce] Seeking to offset 1 for partition nereus-delay-source-topic-target-worker-target-f656f64f-5c8b-45d0-a45a-30b44fe811fd-0
[main] INFO org.apache.kafka.clients.Metadata - [Consumer clientId=consumer-nereus-delay-target-source-73b7d04e-8b68-4d15-b6c7-70bfc81210ce-3, groupId=nereus-delay-target-source-73b7d04e-8b68-4d15-b6c7-70bfc81210ce] Cluster ID: MkU3OEVBNTcwNTJENDM2Qk
[main] INFO org.apache.kafka.clients.consumer.internals.ConsumerCoordinator - [Consumer clientId=consumer-nereus-delay-target-source-73b7d04e-8b68-4d15-b6c7-70bfc81210ce-3, groupId=nereus-delay-target-source-73b7d04e-8b68-4d15-b6c7-70bfc81210ce] Discovered group coordinator 127.0.0.1:19287 (id: +2 rack: null isFenced: false)
[main] INFO org.apache.kafka.clients.consumer.internals.ConsumerCoordinator - [Consumer clientId=consumer-nereus-delay-target-source-73b7d04e-8b68-4d15-b6c7-70bfc81210ce-3, groupId=nereus-delay-target-source-73b7d04e-8b68-4d15-b6c7-70bfc81210ce] Resetting generation and member id due to: consumer pro-actively leaving the group
[main] INFO org.apache.kafka.clients.consumer.internals.ConsumerCoordinator - [Consumer clientId=consumer-nereus-delay-target-source-73b7d04e-8b68-4d15-b6c7-70bfc81210ce-3, groupId=nereus-delay-target-source-73b7d04e-8b68-4d15-b6c7-70bfc81210ce] Request joining group due to: consumer pro-actively leaving the group
[main] INFO org.apache.kafka.common.metrics.Metrics - Metrics scheduler closed
[main] INFO org.apache.kafka.common.metrics.Metrics - Closing reporter org.apache.kafka.common.metrics.JmxReporter
[main] INFO org.apache.kafka.common.metrics.Metrics - Closing reporter org.apache.kafka.common.telemetry.internals.ClientTelemetryReporter
[main] INFO org.apache.kafka.common.metrics.Metrics - Metrics reporters closed
[main] INFO org.apache.kafka.common.utils.internals.AppInfoParser - App info kafka.consumer for consumer-nereus-delay-target-source-73b7d04e-8b68-4d15-b6c7-70bfc81210ce-3 unregistered
Kafka Target source factory: first grant at offset 0; Cancel at offset 1 applied; Broker OffsetCommit response was received by the TCP proxy and withheld before reaching the Kafka client;
  replacement Owner reopened RocksDB, replayed the exact Broker record without a second Store write, and confirmed Kafka group offset 2; TopicId/partition guard verified.
[main] INFO org.apache.kafka.common.metrics.Metrics - Metrics scheduler closed
[main] INFO org.apache.kafka.common.metrics.Metrics - Closing reporter org.apache.kafka.common.metrics.JmxReporter
[main] INFO org.apache.kafka.common.metrics.Metrics - Metrics reporters closed
[kafka-admin-client-thread | adminclient-1] INFO org.apache.kafka.common.utils.internals.AppInfoParser - App info kafka.admin.client for adminclient-1 unregistered
[kafka-admin-client-thread | adminclient-1] INFO org.apache.kafka.common.metrics.Metrics - Metrics scheduler closed
[kafka-admin-client-thread | adminclient-1] INFO org.apache.kafka.common.metrics.Metrics - Closing reporter org.apache.kafka.common.metrics.JmxReporter
[kafka-admin-client-thread | adminclient-1] INFO org.apache.kafka.common.metrics.Metrics - Metrics reporters closed

BUILD SUCCESSFUL in 22s
13 actionable tasks: 2 executed, 11 up-to-date
Consider enabling configuration cache to speed up this build: https://docs.gradle.org/9.4.1/userguide/configuration_cache_enabling.html
To honour the JVM settings for this build a single-use Daemon process will be forked. For more on this, please refer to https://docs.gradle.org/9.4.1/userguide/gradle_daemon.html#sec:disabling_the_daemon in the Gradle documentation.
Daemon will be stopped at the end of the build
> Task :protobufDummy UP-TO-DATE
> Task :extractIncludeProto UP-TO-DATE
> Task :extractProto UP-TO-DATE
> Task :generateProto UP-TO-DATE
> Task :compileJava UP-TO-DATE
> Task :generateRunningArtifactIdentity
> Task :processProtoResources UP-TO-DATE
> Task :processResources UP-TO-DATE
> Task :classes UP-TO-DATE
> Task :extractIncludeRealKafkaProto UP-TO-DATE
> Task :extractRealKafkaProto UP-TO-DATE
> Task :generateRealKafkaProto NO-SOURCE
> Task :compileRealKafka UP-TO-DATE
> Task :compileRealKafkaJava SKIPPED
> Task :processRealKafkaProtoResources UP-TO-DATE
> Task :processRealKafkaResources UP-TO-DATE
> Task :realKafkaClasses UP-TO-DATE

> Task :runRealKafkaOffsetCommitResponseLossProxy
Kafka OffsetCommit response-loss proxy stopped after dropping 7 Broker response(s)

BUILD SUCCESSFUL in 37s
13 actionable tasks: 2 executed, 11 up-to-date
Consider enabling configuration cache to speed up this build: https://docs.gradle.org/9.4.1/userguide/configuration_cache_enabling.html
To honour the JVM settings for this build a single-use Daemon process will be forked. For more on this, please refer to https://docs.gradle.org/9.4.1/userguide/gradle_daemon.html#sec:disabling_the_daemon in the Gradle documentation.
Daemon will be stopped at the end of the build
> Task :protobufDummy UP-TO-DATE
> Task :extractIncludeProto UP-TO-DATE
> Task :extractProto UP-TO-DATE
> Task :generateProto UP-TO-DATE
> Task :compileJava UP-TO-DATE
> Task :generateRunningArtifactIdentity
> Task :processProtoResources UP-TO-DATE
> Task :processResources UP-TO-DATE
> Task :classes UP-TO-DATE
> Task :extractIncludeRealKafkaProto UP-TO-DATE
> Task :extractRealKafkaProto UP-TO-DATE
> Task :generateRealKafkaProto NO-SOURCE
> Task :compileRealKafka UP-TO-DATE
> Task :compileRealKafkaJava SKIPPED
> Task :processRealKafkaProtoResources UP-TO-DATE
> Task :processRealKafkaResources UP-TO-DATE
> Task :realKafkaClasses UP-TO-DATE

> Task :runRealKafkaTargetWorkerSourceSmoke
[main] INFO org.apache.kafka.common.config.AbstractConfig - AdminClientConfig values:
	bootstrap.controllers = []
	bootstrap.servers = [127.0.0.1:19286, 127.0.0.1:19287, 127.0.0.1:19288]
	client.dns.lookup = use_all_dns_ips
	client.id =
	config.providers = []
	connections.max.idle.ms = 300000
	default.api.timeout.ms = 60000
	enable.metrics.push = false
	metadata.cluster.check.enable = true
	metadata.max.age.ms = 300000
	metadata.recovery.rebootstrap.trigger.ms = 300000
	metadata.recovery.strategy = rebootstrap
	metric.reporters = [org.apache.kafka.common.metrics.JmxReporter]
	metrics.num.samples = 2
	metrics.recording.level = INFO
	metrics.sample.window.ms = 30000
	receive.buffer.bytes = 65536
	reconnect.backoff.max.ms = 1000
	reconnect.backoff.ms = 50
	request.timeout.ms = 10000
	retries = 2147483647
	retry.backoff.max.ms = 1000
	retry.backoff.ms = 100
	sasl.client.callback.handler.class = null
	sasl.jaas.config = null
	sasl.kerberos.kinit.cmd = /usr/bin/kinit
	sasl.kerberos.min.time.before.relogin = 60000
	sasl.kerberos.service.name = null
	sasl.kerberos.ticket.renew.jitter = 0.05
	sasl.kerberos.ticket.renew.window.factor = 0.8
	sasl.login.callback.handler.class = null
	sasl.login.class = null
	sasl.login.connect.timeout.ms = null
	sasl.login.read.timeout.ms = null
	sasl.login.refresh.buffer.seconds = 300
	sasl.login.refresh.min.period.seconds = 60
	sasl.login.refresh.window.factor = 0.8
	sasl.login.refresh.window.jitter = 0.05
	sasl.login.retry.backoff.max.ms = 10000
	sasl.login.retry.backoff.ms = 100
	sasl.mechanism = GSSAPI
	sasl.oauthbearer.allow.unverified.audience = false
	sasl.oauthbearer.allow.unverified.issuer = false
	sasl.oauthbearer.assertion.algorithm = RS256
	sasl.oauthbearer.assertion.claim.aud = null
	sasl.oauthbearer.assertion.claim.exp.seconds = 300
	sasl.oauthbearer.assertion.claim.iss = null
	sasl.oauthbearer.assertion.claim.jti.include = false
	sasl.oauthbearer.assertion.claim.nbf.seconds = 60
	sasl.oauthbearer.assertion.claim.sub = null
	sasl.oauthbearer.assertion.file = null
	sasl.oauthbearer.assertion.private.key.file = null
	sasl.oauthbearer.assertion.private.key.passphrase = null
	sasl.oauthbearer.assertion.template.file = null
	sasl.oauthbearer.client.credentials.client.id = null
	sasl.oauthbearer.client.credentials.client.secret = null
	sasl.oauthbearer.clock.skew.seconds = 30
	sasl.oauthbearer.expected.audience = []
	sasl.oauthbearer.expected.issuer = null
	sasl.oauthbearer.header.urlencode = false
	sasl.oauthbearer.jwks.endpoint.refresh.ms = 3600000
	sasl.oauthbearer.jwks.endpoint.retry.backoff.max.ms = 10000
	sasl.oauthbearer.jwks.endpoint.retry.backoff.ms = 100
	sasl.oauthbearer.jwks.endpoint.url = null
	sasl.oauthbearer.jwt.retriever.class = class org.apache.kafka.common.security.oauthbearer.DefaultJwtRetriever
	sasl.oauthbearer.jwt.validator.class = class org.apache.kafka.common.security.oauthbearer.DefaultJwtValidator
	sasl.oauthbearer.scope = null
	sasl.oauthbearer.scope.claim.name = scope
	sasl.oauthbearer.sub.claim.name = sub
	sasl.oauthbearer.token.endpoint.url = null
	security.protocol = PLAINTEXT
	security.providers = null
	send.buffer.bytes = 131072
	socket.connection.setup.timeout.max.ms = 30000
	socket.connection.setup.timeout.ms = 10000
	ssl.cipher.suites = []
	ssl.enabled.protocols = [TLSv1.2, TLSv1.3]
	ssl.endpoint.identification.algorithm = https
	ssl.engine.factory.class = null
	ssl.key.password = null
	ssl.keymanager.algorithm = SunX509
	ssl.keystore.certificate.chain = null
	ssl.keystore.key = null
	ssl.keystore.location = null
	ssl.keystore.password = null
	ssl.keystore.type = JKS
	ssl.protocol = TLSv1.3
	ssl.provider = null
	ssl.secure.random.implementation = null
	ssl.trustmanager.algorithm = PKIX
	ssl.truststore.certificates = null
	ssl.truststore.location = null
	ssl.truststore.password = null
	ssl.truststore.type = JKS

[main] INFO org.apache.kafka.common.utils.internals.AppInfoParser - Kafka version: 4.4.0-SNAPSHOT
[main] INFO org.apache.kafka.common.utils.internals.AppInfoParser - Kafka commitId: unknown
[main] INFO org.apache.kafka.common.utils.internals.AppInfoParser - Kafka startTimeMs: 1791479713393
[main] INFO org.apache.kafka.common.config.AbstractConfig - ProducerConfig values:
	acks = -1
	batch.size = 16384
	bootstrap.servers = [127.0.0.1:19286, 127.0.0.1:19287, 127.0.0.1:19288]
	buffer.memory = 33554432
	client.dns.lookup = use_all_dns_ips
	client.id = producer-1
	client.rack =
	compression.gzip.level = -1
	compression.lz4.level = 9
	compression.type = none
	compression.zstd.level = 3
	config.providers = []
	connections.max.idle.ms = 540000
	delivery.timeout.ms = 120000
	enable.idempotence = true
	enable.metrics.push = true
	interceptor.classes = []
	key.serializer = class org.apache.kafka.common.serialization.ByteArraySerializer
	linger.ms = 5
	max.block.ms = 60000
	max.in.flight.requests.per.connection = 5
	max.request.size = 1048576
	metadata.cluster.check.enable = true
	metadata.max.age.ms = 300000
	metadata.max.idle.ms = 300000
	metadata.recovery.rebootstrap.trigger.ms = 300000
	metadata.recovery.strategy = rebootstrap
	metric.reporters = [org.apache.kafka.common.metrics.JmxReporter]
	metrics.num.samples = 2
	metrics.recording.level = INFO
	metrics.sample.window.ms = 30000
	partitioner.adaptive.partitioning.enable = true
	partitioner.availability.timeout.ms = 0
	partitioner.class = null
	partitioner.ignore.keys = false
	partitioner.rack.aware = false
	receive.buffer.bytes = 32768
	reconnect.backoff.max.ms = 1000
	reconnect.backoff.ms = 50
	request.timeout.ms = 30000
	retries = 2147483647
	retry.backoff.max.ms = 1000
	retry.backoff.ms = 100
	sasl.client.callback.handler.class = null
	sasl.jaas.config = null
	sasl.kerberos.kinit.cmd = /usr/bin/kinit
	sasl.kerberos.min.time.before.relogin = 60000
	sasl.kerberos.service.name = null
	sasl.kerberos.ticket.renew.jitter = 0.05
	sasl.kerberos.ticket.renew.window.factor = 0.8
	sasl.login.callback.handler.class = null
	sasl.login.class = null
	sasl.login.connect.timeout.ms = null
	sasl.login.read.timeout.ms = null
	sasl.login.refresh.buffer.seconds = 300
	sasl.login.refresh.min.period.seconds = 60
	sasl.login.refresh.window.factor = 0.8
	sasl.login.refresh.window.jitter = 0.05
	sasl.login.retry.backoff.max.ms = 10000
	sasl.login.retry.backoff.ms = 100
	sasl.mechanism = GSSAPI
	sasl.oauthbearer.allow.unverified.audience = false
	sasl.oauthbearer.allow.unverified.issuer = false
	sasl.oauthbearer.assertion.algorithm = RS256
	sasl.oauthbearer.assertion.claim.aud = null
	sasl.oauthbearer.assertion.claim.exp.seconds = 300
	sasl.oauthbearer.assertion.claim.iss = null
	sasl.oauthbearer.assertion.claim.jti.include = false
	sasl.oauthbearer.assertion.claim.nbf.seconds = 60
	sasl.oauthbearer.assertion.claim.sub = null
	sasl.oauthbearer.assertion.file = null
	sasl.oauthbearer.assertion.private.key.file = null
	sasl.oauthbearer.assertion.private.key.passphrase = null
	sasl.oauthbearer.assertion.template.file = null
	sasl.oauthbearer.client.credentials.client.id = null
	sasl.oauthbearer.client.credentials.client.secret = null
	sasl.oauthbearer.clock.skew.seconds = 30
	sasl.oauthbearer.expected.audience = []
	sasl.oauthbearer.expected.issuer = null
	sasl.oauthbearer.header.urlencode = false
	sasl.oauthbearer.jwks.endpoint.refresh.ms = 3600000
	sasl.oauthbearer.jwks.endpoint.retry.backoff.max.ms = 10000
	sasl.oauthbearer.jwks.endpoint.retry.backoff.ms = 100
	sasl.oauthbearer.jwks.endpoint.url = null
	sasl.oauthbearer.jwt.retriever.class = class org.apache.kafka.common.security.oauthbearer.DefaultJwtRetriever
	sasl.oauthbearer.jwt.validator.class = class org.apache.kafka.common.security.oauthbearer.DefaultJwtValidator
	sasl.oauthbearer.scope = null
	sasl.oauthbearer.scope.claim.name = scope
	sasl.oauthbearer.sub.claim.name = sub
	sasl.oauthbearer.token.endpoint.url = null
	security.protocol = PLAINTEXT
	security.providers = null
	send.buffer.bytes = 131072
	socket.connection.setup.timeout.max.ms = 30000
	socket.connection.setup.timeout.ms = 10000
	ssl.cipher.suites = []
	ssl.enabled.protocols = [TLSv1.2, TLSv1.3]
	ssl.endpoint.identification.algorithm = https
	ssl.engine.factory.class = null
	ssl.key.password = null
	ssl.keymanager.algorithm = SunX509
	ssl.keystore.certificate.chain = null
	ssl.keystore.key = null
	ssl.keystore.location = null
	ssl.keystore.password = null
	ssl.keystore.type = JKS
	ssl.protocol = TLSv1.3
	ssl.provider = null
	ssl.secure.random.implementation = null
	ssl.trustmanager.algorithm = PKIX
	ssl.truststore.certificates = null
	ssl.truststore.location = null
	ssl.truststore.password = null
	ssl.truststore.type = JKS
	transaction.timeout.ms = 60000
	transaction.two.phase.commit.enable = false
	transactional.id = null
	value.serializer = class org.apache.kafka.common.serialization.ByteArraySerializer

[main] INFO org.apache.kafka.common.telemetry.internals.KafkaMetricsCollector - initializing Kafka metrics collector
[main] INFO org.apache.kafka.clients.producer.KafkaProducer - [Producer clientId=producer-1] Instantiated an idempotent producer.
[main] INFO org.apache.kafka.common.utils.internals.AppInfoParser - Kafka version: 4.4.0-SNAPSHOT
[main] INFO org.apache.kafka.common.utils.internals.AppInfoParser - Kafka commitId: unknown
[main] INFO org.apache.kafka.common.utils.internals.AppInfoParser - Kafka startTimeMs: 1791479713773
[kafka-producer-network-thread | producer-1] INFO org.apache.kafka.clients.Metadata - [Producer clientId=producer-1] Cluster ID: MkU3OEVBNTcwNTJENDM2Qk
[kafka-producer-network-thread | producer-1] INFO org.apache.kafka.clients.producer.internals.TransactionManager - [Producer clientId=producer-1] ProducerId set to 2001 with epoch 0
[main] INFO org.apache.kafka.clients.producer.KafkaProducer - [Producer clientId=producer-1] Closing the Kafka producer with timeoutMillis = 9223372036854775807 ms.
[main] INFO org.apache.kafka.common.metrics.Metrics - Metrics scheduler closed
[main] INFO org.apache.kafka.common.metrics.Metrics - Closing reporter org.apache.kafka.common.metrics.JmxReporter
[main] INFO org.apache.kafka.common.metrics.Metrics - Closing reporter org.apache.kafka.common.telemetry.internals.ClientTelemetryReporter
[main] INFO org.apache.kafka.common.metrics.Metrics - Metrics reporters closed
[main] INFO org.apache.kafka.common.utils.internals.AppInfoParser - App info kafka.producer for producer-1 unregistered
[main] INFO org.apache.kafka.common.config.AbstractConfig - ProducerConfig values:
	acks = -1
	batch.size = 16384
	bootstrap.servers = [127.0.0.1:19286, 127.0.0.1:19287, 127.0.0.1:19288]
	buffer.memory = 33554432
	client.dns.lookup = use_all_dns_ips
	client.id = producer-2
	client.rack =
	compression.gzip.level = -1
	compression.lz4.level = 9
	compression.type = none
	compression.zstd.level = 3
	config.providers = []
	connections.max.idle.ms = 540000
	delivery.timeout.ms = 120000
	enable.idempotence = true
	enable.metrics.push = true
	interceptor.classes = []
	key.serializer = class org.apache.kafka.common.serialization.ByteArraySerializer
	linger.ms = 5
	max.block.ms = 60000
	max.in.flight.requests.per.connection = 5
	max.request.size = 1048576
	metadata.cluster.check.enable = true
	metadata.max.age.ms = 300000
	metadata.max.idle.ms = 300000
	metadata.recovery.rebootstrap.trigger.ms = 300000
	metadata.recovery.strategy = rebootstrap
	metric.reporters = [org.apache.kafka.common.metrics.JmxReporter]
	metrics.num.samples = 2
	metrics.recording.level = INFO
	metrics.sample.window.ms = 30000
	partitioner.adaptive.partitioning.enable = true
	partitioner.availability.timeout.ms = 0
	partitioner.class = null
	partitioner.ignore.keys = false
	partitioner.rack.aware = false
	receive.buffer.bytes = 32768
	reconnect.backoff.max.ms = 1000
	reconnect.backoff.ms = 50
	request.timeout.ms = 30000
	retries = 2147483647
	retry.backoff.max.ms = 1000
	retry.backoff.ms = 100
	sasl.client.callback.handler.class = null
	sasl.jaas.config = null
	sasl.kerberos.kinit.cmd = /usr/bin/kinit
	sasl.kerberos.min.time.before.relogin = 60000
	sasl.kerberos.service.name = null
	sasl.kerberos.ticket.renew.jitter = 0.05
	sasl.kerberos.ticket.renew.window.factor = 0.8
	sasl.login.callback.handler.class = null
	sasl.login.class = null
	sasl.login.connect.timeout.ms = null
	sasl.login.read.timeout.ms = null
	sasl.login.refresh.buffer.seconds = 300
	sasl.login.refresh.min.period.seconds = 60
	sasl.login.refresh.window.factor = 0.8
	sasl.login.refresh.window.jitter = 0.05
	sasl.login.retry.backoff.max.ms = 10000
	sasl.login.retry.backoff.ms = 100
	sasl.mechanism = GSSAPI
	sasl.oauthbearer.allow.unverified.audience = false
	sasl.oauthbearer.allow.unverified.issuer = false
	sasl.oauthbearer.assertion.algorithm = RS256
	sasl.oauthbearer.assertion.claim.aud = null
	sasl.oauthbearer.assertion.claim.exp.seconds = 300
	sasl.oauthbearer.assertion.claim.iss = null
	sasl.oauthbearer.assertion.claim.jti.include = false
	sasl.oauthbearer.assertion.claim.nbf.seconds = 60
	sasl.oauthbearer.assertion.claim.sub = null
	sasl.oauthbearer.assertion.file = null
	sasl.oauthbearer.assertion.private.key.file = null
	sasl.oauthbearer.assertion.private.key.passphrase = null
	sasl.oauthbearer.assertion.template.file = null
	sasl.oauthbearer.client.credentials.client.id = null
	sasl.oauthbearer.client.credentials.client.secret = null
	sasl.oauthbearer.clock.skew.seconds = 30
	sasl.oauthbearer.expected.audience = []
	sasl.oauthbearer.expected.issuer = null
	sasl.oauthbearer.header.urlencode = false
	sasl.oauthbearer.jwks.endpoint.refresh.ms = 3600000
	sasl.oauthbearer.jwks.endpoint.retry.backoff.max.ms = 10000
	sasl.oauthbearer.jwks.endpoint.retry.backoff.ms = 100
	sasl.oauthbearer.jwks.endpoint.url = null
	sasl.oauthbearer.jwt.retriever.class = class org.apache.kafka.common.security.oauthbearer.DefaultJwtRetriever
	sasl.oauthbearer.jwt.validator.class = class org.apache.kafka.common.security.oauthbearer.DefaultJwtValidator
	sasl.oauthbearer.scope = null
	sasl.oauthbearer.scope.claim.name = scope
	sasl.oauthbearer.sub.claim.name = sub
	sasl.oauthbearer.token.endpoint.url = null
	security.protocol = PLAINTEXT
	security.providers = null
	send.buffer.bytes = 131072
	socket.connection.setup.timeout.max.ms = 30000
	socket.connection.setup.timeout.ms = 10000
	ssl.cipher.suites = []
	ssl.enabled.protocols = [TLSv1.2, TLSv1.3]
	ssl.endpoint.identification.algorithm = https
	ssl.engine.factory.class = null
	ssl.key.password = null
	ssl.keymanager.algorithm = SunX509
	ssl.keystore.certificate.chain = null
	ssl.keystore.key = null
	ssl.keystore.location = null
	ssl.keystore.password = null
	ssl.keystore.type = JKS
	ssl.protocol = TLSv1.3
	ssl.provider = null
	ssl.secure.random.implementation = null
	ssl.trustmanager.algorithm = PKIX
	ssl.truststore.certificates = null
	ssl.truststore.location = null
	ssl.truststore.password = null
	ssl.truststore.type = JKS
	transaction.timeout.ms = 60000
	transaction.two.phase.commit.enable = false
	transactional.id = null
	value.serializer = class org.apache.kafka.common.serialization.ByteArraySerializer

[main] INFO org.apache.kafka.common.telemetry.internals.KafkaMetricsCollector - initializing Kafka metrics collector
[main] INFO org.apache.kafka.clients.producer.KafkaProducer - [Producer clientId=producer-2] Instantiated an idempotent producer.
[main] INFO org.apache.kafka.common.utils.internals.AppInfoParser - Kafka version: 4.4.0-SNAPSHOT
[main] INFO org.apache.kafka.common.utils.internals.AppInfoParser - Kafka commitId: unknown
[main] INFO org.apache.kafka.common.utils.internals.AppInfoParser - Kafka startTimeMs: 1791479713819
[kafka-producer-network-thread | producer-2] INFO org.apache.kafka.clients.Metadata - [Producer clientId=producer-2] Cluster ID: MkU3OEVBNTcwNTJENDM2Qk
[kafka-producer-network-thread | producer-2] INFO org.apache.kafka.clients.producer.internals.TransactionManager - [Producer clientId=producer-2] ProducerId set to 2 with epoch 0
[main] INFO org.apache.kafka.clients.producer.KafkaProducer - [Producer clientId=producer-2] Closing the Kafka producer with timeoutMillis = 9223372036854775807 ms.
[main] INFO org.apache.kafka.common.metrics.Metrics - Metrics scheduler closed
[main] INFO org.apache.kafka.common.metrics.Metrics - Closing reporter org.apache.kafka.common.metrics.JmxReporter
[main] INFO org.apache.kafka.common.metrics.Metrics - Closing reporter org.apache.kafka.common.telemetry.internals.ClientTelemetryReporter
[main] INFO org.apache.kafka.common.metrics.Metrics - Metrics reporters closed
[main] INFO org.apache.kafka.common.utils.internals.AppInfoParser - App info kafka.producer for producer-2 unregistered
[main] INFO org.apache.kafka.common.config.AbstractConfig - ProducerConfig values:
	acks = -1
	batch.size = 16384
	bootstrap.servers = [127.0.0.1:19286, 127.0.0.1:19287, 127.0.0.1:19288]
	buffer.memory = 33554432
	client.dns.lookup = use_all_dns_ips
	client.id = producer-3
	client.rack =
	compression.gzip.level = -1
	compression.lz4.level = 9
	compression.type = none
	compression.zstd.level = 3
	config.providers = []
	connections.max.idle.ms = 540000
	delivery.timeout.ms = 120000
	enable.idempotence = true
	enable.metrics.push = true
	interceptor.classes = []
	key.serializer = class org.apache.kafka.common.serialization.ByteArraySerializer
	linger.ms = 5
	max.block.ms = 60000
	max.in.flight.requests.per.connection = 5
	max.request.size = 1048576
	metadata.cluster.check.enable = true
	metadata.max.age.ms = 300000
	metadata.max.idle.ms = 300000
	metadata.recovery.rebootstrap.trigger.ms = 300000
	metadata.recovery.strategy = rebootstrap
	metric.reporters = [org.apache.kafka.common.metrics.JmxReporter]
	metrics.num.samples = 2
	metrics.recording.level = INFO
	metrics.sample.window.ms = 30000
	partitioner.adaptive.partitioning.enable = true
	partitioner.availability.timeout.ms = 0
	partitioner.class = null
	partitioner.ignore.keys = false
	partitioner.rack.aware = false
	receive.buffer.bytes = 32768
	reconnect.backoff.max.ms = 1000
	reconnect.backoff.ms = 50
	request.timeout.ms = 30000
	retries = 2147483647
	retry.backoff.max.ms = 1000
	retry.backoff.ms = 100
	sasl.client.callback.handler.class = null
	sasl.jaas.config = null
	sasl.kerberos.kinit.cmd = /usr/bin/kinit
	sasl.kerberos.min.time.before.relogin = 60000
	sasl.kerberos.service.name = null
	sasl.kerberos.ticket.renew.jitter = 0.05
	sasl.kerberos.ticket.renew.window.factor = 0.8
	sasl.login.callback.handler.class = null
	sasl.login.class = null
	sasl.login.connect.timeout.ms = null
	sasl.login.read.timeout.ms = null
	sasl.login.refresh.buffer.seconds = 300
	sasl.login.refresh.min.period.seconds = 60
	sasl.login.refresh.window.factor = 0.8
	sasl.login.refresh.window.jitter = 0.05
	sasl.login.retry.backoff.max.ms = 10000
	sasl.login.retry.backoff.ms = 100
	sasl.mechanism = GSSAPI
	sasl.oauthbearer.allow.unverified.audience = false
	sasl.oauthbearer.allow.unverified.issuer = false
	sasl.oauthbearer.assertion.algorithm = RS256
	sasl.oauthbearer.assertion.claim.aud = null
	sasl.oauthbearer.assertion.claim.exp.seconds = 300
	sasl.oauthbearer.assertion.claim.iss = null
	sasl.oauthbearer.assertion.claim.jti.include = false
	sasl.oauthbearer.assertion.claim.nbf.seconds = 60
	sasl.oauthbearer.assertion.claim.sub = null
	sasl.oauthbearer.assertion.file = null
	sasl.oauthbearer.assertion.private.key.file = null
	sasl.oauthbearer.assertion.private.key.passphrase = null
	sasl.oauthbearer.assertion.template.file = null
	sasl.oauthbearer.client.credentials.client.id = null
	sasl.oauthbearer.client.credentials.client.secret = null
	sasl.oauthbearer.clock.skew.seconds = 30
	sasl.oauthbearer.expected.audience = []
	sasl.oauthbearer.expected.issuer = null
	sasl.oauthbearer.header.urlencode = false
	sasl.oauthbearer.jwks.endpoint.refresh.ms = 3600000
	sasl.oauthbearer.jwks.endpoint.retry.backoff.max.ms = 10000
	sasl.oauthbearer.jwks.endpoint.retry.backoff.ms = 100
	sasl.oauthbearer.jwks.endpoint.url = null
	sasl.oauthbearer.jwt.retriever.class = class org.apache.kafka.common.security.oauthbearer.DefaultJwtRetriever
	sasl.oauthbearer.jwt.validator.class = class org.apache.kafka.common.security.oauthbearer.DefaultJwtValidator
	sasl.oauthbearer.scope = null
	sasl.oauthbearer.scope.claim.name = scope
	sasl.oauthbearer.sub.claim.name = sub
	sasl.oauthbearer.token.endpoint.url = null
	security.protocol = PLAINTEXT
	security.providers = null
	send.buffer.bytes = 131072
	socket.connection.setup.timeout.max.ms = 30000
	socket.connection.setup.timeout.ms = 10000
	ssl.cipher.suites = []
	ssl.enabled.protocols = [TLSv1.2, TLSv1.3]
	ssl.endpoint.identification.algorithm = https
	ssl.engine.factory.class = null
	ssl.key.password = null
	ssl.keymanager.algorithm = SunX509
	ssl.keystore.certificate.chain = null
	ssl.keystore.key = null
	ssl.keystore.location = null
	ssl.keystore.password = null
	ssl.keystore.type = JKS
	ssl.protocol = TLSv1.3
	ssl.provider = null
	ssl.secure.random.implementation = null
	ssl.trustmanager.algorithm = PKIX
	ssl.truststore.certificates = null
	ssl.truststore.location = null
	ssl.truststore.password = null
	ssl.truststore.type = JKS
	transaction.timeout.ms = 60000
	transaction.two.phase.commit.enable = false
	transactional.id = null
	value.serializer = class org.apache.kafka.common.serialization.ByteArraySerializer

[main] INFO org.apache.kafka.common.telemetry.internals.KafkaMetricsCollector - initializing Kafka metrics collector
[main] INFO org.apache.kafka.clients.producer.KafkaProducer - [Producer clientId=producer-3] Instantiated an idempotent producer.
[main] INFO org.apache.kafka.common.utils.internals.AppInfoParser - Kafka version: 4.4.0-SNAPSHOT
[main] INFO org.apache.kafka.common.utils.internals.AppInfoParser - Kafka commitId: unknown
[main] INFO org.apache.kafka.common.utils.internals.AppInfoParser - Kafka startTimeMs: 1791479714099
[kafka-producer-network-thread | producer-3] INFO org.apache.kafka.clients.Metadata - [Producer clientId=producer-3] Cluster ID: MkU3OEVBNTcwNTJENDM2Qk
[kafka-producer-network-thread | producer-3] INFO org.apache.kafka.clients.producer.internals.TransactionManager - [Producer clientId=producer-3] ProducerId set to 1001 with epoch 0
[main] INFO org.apache.kafka.clients.producer.KafkaProducer - [Producer clientId=producer-3] Closing the Kafka producer with timeoutMillis = 9223372036854775807 ms.
[main] INFO org.apache.kafka.common.metrics.Metrics - Metrics scheduler closed
[main] INFO org.apache.kafka.common.metrics.Metrics - Closing reporter org.apache.kafka.common.metrics.JmxReporter
[main] INFO org.apache.kafka.common.metrics.Metrics - Closing reporter org.apache.kafka.common.telemetry.internals.ClientTelemetryReporter
[main] INFO org.apache.kafka.common.metrics.Metrics - Metrics reporters closed
[main] INFO org.apache.kafka.common.utils.internals.AppInfoParser - App info kafka.producer for producer-3 unregistered
[main] INFO org.apache.kafka.clients.producer.KafkaProducer - [Producer clientId=producer-3] Closing the Kafka producer with timeoutMillis = 9223372036854775807 ms.
[main] INFO org.apache.kafka.common.metrics.Metrics - Metrics scheduler closed
[main] INFO org.apache.kafka.common.metrics.Metrics - Closing reporter org.apache.kafka.common.metrics.JmxReporter
[main] INFO org.apache.kafka.common.metrics.Metrics - Closing reporter org.apache.kafka.common.telemetry.internals.ClientTelemetryReporter
[main] INFO org.apache.kafka.common.metrics.Metrics - Metrics reporters closed
[main] INFO org.apache.kafka.common.utils.internals.AppInfoParser - App info kafka.producer for producer-3 unregistered
[main] INFO org.apache.kafka.common.config.AbstractConfig - ProducerConfig values:
	acks = -1
	batch.size = 16384
	bootstrap.servers = [127.0.0.1:19286, 127.0.0.1:19287, 127.0.0.1:19288]
	buffer.memory = 33554432
	client.dns.lookup = use_all_dns_ips
	client.id = producer-4
	client.rack =
	compression.gzip.level = -1
	compression.lz4.level = 9
	compression.type = none
	compression.zstd.level = 3
	config.providers = []
	connections.max.idle.ms = 540000
	delivery.timeout.ms = 120000
	enable.idempotence = true
	enable.metrics.push = true
	interceptor.classes = []
	key.serializer = class org.apache.kafka.common.serialization.ByteArraySerializer
	linger.ms = 5
	max.block.ms = 60000
	max.in.flight.requests.per.connection = 5
	max.request.size = 1048576
	metadata.cluster.check.enable = true
	metadata.max.age.ms = 300000
	metadata.max.idle.ms = 300000
	metadata.recovery.rebootstrap.trigger.ms = 300000
	metadata.recovery.strategy = rebootstrap
	metric.reporters = [org.apache.kafka.common.metrics.JmxReporter]
	metrics.num.samples = 2
	metrics.recording.level = INFO
	metrics.sample.window.ms = 30000
	partitioner.adaptive.partitioning.enable = true
	partitioner.availability.timeout.ms = 0
	partitioner.class = null
	partitioner.ignore.keys = false
	partitioner.rack.aware = false
	receive.buffer.bytes = 32768
	reconnect.backoff.max.ms = 1000
	reconnect.backoff.ms = 50
	request.timeout.ms = 30000
	retries = 2147483647
	retry.backoff.max.ms = 1000
	retry.backoff.ms = 100
	sasl.client.callback.handler.class = null
	sasl.jaas.config = null
	sasl.kerberos.kinit.cmd = /usr/bin/kinit
	sasl.kerberos.min.time.before.relogin = 60000
	sasl.kerberos.service.name = null
	sasl.kerberos.ticket.renew.jitter = 0.05
	sasl.kerberos.ticket.renew.window.factor = 0.8
	sasl.login.callback.handler.class = null
	sasl.login.class = null
	sasl.login.connect.timeout.ms = null
	sasl.login.read.timeout.ms = null
	sasl.login.refresh.buffer.seconds = 300
	sasl.login.refresh.min.period.seconds = 60
	sasl.login.refresh.window.factor = 0.8
	sasl.login.refresh.window.jitter = 0.05
	sasl.login.retry.backoff.max.ms = 10000
	sasl.login.retry.backoff.ms = 100
	sasl.mechanism = GSSAPI
	sasl.oauthbearer.allow.unverified.audience = false
	sasl.oauthbearer.allow.unverified.issuer = false
	sasl.oauthbearer.assertion.algorithm = RS256
	sasl.oauthbearer.assertion.claim.aud = null
	sasl.oauthbearer.assertion.claim.exp.seconds = 300
	sasl.oauthbearer.assertion.claim.iss = null
	sasl.oauthbearer.assertion.claim.jti.include = false
	sasl.oauthbearer.assertion.claim.nbf.seconds = 60
	sasl.oauthbearer.assertion.claim.sub = null
	sasl.oauthbearer.assertion.file = null
	sasl.oauthbearer.assertion.private.key.file = null
	sasl.oauthbearer.assertion.private.key.passphrase = null
	sasl.oauthbearer.assertion.template.file = null
	sasl.oauthbearer.client.credentials.client.id = null
	sasl.oauthbearer.client.credentials.client.secret = null
	sasl.oauthbearer.clock.skew.seconds = 30
	sasl.oauthbearer.expected.audience = []
	sasl.oauthbearer.expected.issuer = null
	sasl.oauthbearer.header.urlencode = false
	sasl.oauthbearer.jwks.endpoint.refresh.ms = 3600000
	sasl.oauthbearer.jwks.endpoint.retry.backoff.max.ms = 10000
	sasl.oauthbearer.jwks.endpoint.retry.backoff.ms = 100
	sasl.oauthbearer.jwks.endpoint.url = null
	sasl.oauthbearer.jwt.retriever.class = class org.apache.kafka.common.security.oauthbearer.DefaultJwtRetriever
	sasl.oauthbearer.jwt.validator.class = class org.apache.kafka.common.security.oauthbearer.DefaultJwtValidator
	sasl.oauthbearer.scope = null
	sasl.oauthbearer.scope.claim.name = scope
	sasl.oauthbearer.sub.claim.name = sub
	sasl.oauthbearer.token.endpoint.url = null
	security.protocol = PLAINTEXT
	security.providers = null
	send.buffer.bytes = 131072
	socket.connection.setup.timeout.max.ms = 30000
	socket.connection.setup.timeout.ms = 10000
	ssl.cipher.suites = []
	ssl.enabled.protocols = [TLSv1.2, TLSv1.3]
	ssl.endpoint.identification.algorithm = https
	ssl.engine.factory.class = null
	ssl.key.password = null
	ssl.keymanager.algorithm = SunX509
	ssl.keystore.certificate.chain = null
	ssl.keystore.key = null
	ssl.keystore.location = null
	ssl.keystore.password = null
	ssl.keystore.type = JKS
	ssl.protocol = TLSv1.3
	ssl.provider = null
	ssl.secure.random.implementation = null
	ssl.trustmanager.algorithm = PKIX
	ssl.truststore.certificates = null
	ssl.truststore.location = null
	ssl.truststore.password = null
	ssl.truststore.type = JKS
	transaction.timeout.ms = 60000
	transaction.two.phase.commit.enable = false
	transactional.id = null
	value.serializer = class org.apache.kafka.common.serialization.ByteArraySerializer

[main] INFO org.apache.kafka.common.telemetry.internals.KafkaMetricsCollector - initializing Kafka metrics collector
[main] INFO org.apache.kafka.clients.producer.KafkaProducer - [Producer clientId=producer-4] Instantiated an idempotent producer.
[main] INFO org.apache.kafka.common.utils.internals.AppInfoParser - Kafka version: 4.4.0-SNAPSHOT
[main] INFO org.apache.kafka.common.utils.internals.AppInfoParser - Kafka commitId: unknown
[main] INFO org.apache.kafka.common.utils.internals.AppInfoParser - Kafka startTimeMs: 1791479714127
[kafka-producer-network-thread | producer-4] INFO org.apache.kafka.clients.Metadata - [Producer clientId=producer-4] Cluster ID: MkU3OEVBNTcwNTJENDM2Qk
[kafka-producer-network-thread | producer-4] INFO org.apache.kafka.clients.producer.internals.TransactionManager - [Producer clientId=producer-4] ProducerId set to 2002 with epoch 0
[main] INFO org.apache.kafka.clients.producer.KafkaProducer - [Producer clientId=producer-4] Closing the Kafka producer with timeoutMillis = 9223372036854775807 ms.
[main] INFO org.apache.kafka.common.metrics.Metrics - Metrics scheduler closed
[main] INFO org.apache.kafka.common.metrics.Metrics - Closing reporter org.apache.kafka.common.metrics.JmxReporter
[main] INFO org.apache.kafka.common.metrics.Metrics - Closing reporter org.apache.kafka.common.telemetry.internals.ClientTelemetryReporter
[main] INFO org.apache.kafka.common.metrics.Metrics - Metrics reporters closed
[main] INFO org.apache.kafka.common.utils.internals.AppInfoParser - App info kafka.producer for producer-4 unregistered
[main] INFO org.apache.kafka.clients.producer.KafkaProducer - [Producer clientId=producer-4] Closing the Kafka producer with timeoutMillis = 9223372036854775807 ms.
[main] INFO org.apache.kafka.common.metrics.Metrics - Metrics scheduler closed
[main] INFO org.apache.kafka.common.metrics.Metrics - Closing reporter org.apache.kafka.common.metrics.JmxReporter
[main] INFO org.apache.kafka.common.metrics.Metrics - Closing reporter org.apache.kafka.common.telemetry.internals.ClientTelemetryReporter
[main] INFO org.apache.kafka.common.metrics.Metrics - Metrics reporters closed
[main] INFO org.apache.kafka.common.utils.internals.AppInfoParser - App info kafka.producer for producer-4 unregistered
[main] INFO org.apache.kafka.common.config.AbstractConfig - ConsumerConfig values:
	allow.auto.create.topics = true
	auto.commit.interval.ms = 5000
	auto.offset.reset = earliest
	bootstrap.servers = [127.0.0.1:19286, 127.0.0.1:19287, 127.0.0.1:19288]
	check.crcs = true
	client.dns.lookup = use_all_dns_ips
	client.id = consumer-nereus-delay-target-source-a515e96c-eb1e-4526-96ad-2b8a8bb25662-1
	client.rack =
	config.providers = []
	connections.max.idle.ms = 540000
	default.api.timeout.ms = 5000
	enable.auto.commit = false
	enable.metrics.push = true
	exclude.internal.topics = true
	fetch.max.bytes = 52428800
	fetch.max.wait.ms = 500
	fetch.min.bytes = 1
	group.id = nereus-delay-target-source-a515e96c-eb1e-4526-96ad-2b8a8bb25662
	group.instance.id = null
	group.protocol = classic
	group.remote.assignor = null
	heartbeat.interval.ms = 3000
	interceptor.classes = []
	internal.throw.on.fetch.stable.offset.unsupported = false
	isolation.level = read_uncommitted
	key.deserializer = class org.apache.kafka.common.serialization.ByteArrayDeserializer
	max.partition.fetch.bytes = 1048576
	max.poll.interval.ms = 300000
	max.poll.records = 500
	metadata.cluster.check.enable = true
	metadata.max.age.ms = 300000
	metadata.recovery.rebootstrap.trigger.ms = 300000
	metadata.recovery.strategy = rebootstrap
	metric.reporters = [org.apache.kafka.common.metrics.JmxReporter]
	metrics.num.samples = 2
	metrics.recording.level = INFO
	metrics.sample.window.ms = 30000
	partition.assignment.strategy = [class org.apache.kafka.clients.consumer.RangeAssignor, class org.apache.kafka.clients.consumer.CooperativeStickyAssignor]
	receive.buffer.bytes = 65536
	reconnect.backoff.max.ms = 1000
	reconnect.backoff.ms = 50
	request.timeout.ms = 2000
	retry.backoff.max.ms = 1000
	retry.backoff.ms = 100
	sasl.client.callback.handler.class = null
	sasl.jaas.config = null
	sasl.kerberos.kinit.cmd = /usr/bin/kinit
	sasl.kerberos.min.time.before.relogin = 60000
	sasl.kerberos.service.name = null
	sasl.kerberos.ticket.renew.jitter = 0.05
	sasl.kerberos.ticket.renew.window.factor = 0.8
	sasl.login.callback.handler.class = null
	sasl.login.class = null
	sasl.login.connect.timeout.ms = null
	sasl.login.read.timeout.ms = null
	sasl.login.refresh.buffer.seconds = 300
	sasl.login.refresh.min.period.seconds = 60
	sasl.login.refresh.window.factor = 0.8
	sasl.login.refresh.window.jitter = 0.05
	sasl.login.retry.backoff.max.ms = 10000
	sasl.login.retry.backoff.ms = 100
	sasl.mechanism = GSSAPI
	sasl.oauthbearer.allow.unverified.audience = false
	sasl.oauthbearer.allow.unverified.issuer = false
	sasl.oauthbearer.assertion.algorithm = RS256
	sasl.oauthbearer.assertion.claim.aud = null
	sasl.oauthbearer.assertion.claim.exp.seconds = 300
	sasl.oauthbearer.assertion.claim.iss = null
	sasl.oauthbearer.assertion.claim.jti.include = false
	sasl.oauthbearer.assertion.claim.nbf.seconds = 60
	sasl.oauthbearer.assertion.claim.sub = null
	sasl.oauthbearer.assertion.file = null
	sasl.oauthbearer.assertion.private.key.file = null
	sasl.oauthbearer.assertion.private.key.passphrase = null
	sasl.oauthbearer.assertion.template.file = null
	sasl.oauthbearer.client.credentials.client.id = null
	sasl.oauthbearer.client.credentials.client.secret = null
	sasl.oauthbearer.clock.skew.seconds = 30
	sasl.oauthbearer.expected.audience = []
	sasl.oauthbearer.expected.issuer = null
	sasl.oauthbearer.header.urlencode = false
	sasl.oauthbearer.jwks.endpoint.refresh.ms = 3600000
	sasl.oauthbearer.jwks.endpoint.retry.backoff.max.ms = 10000
	sasl.oauthbearer.jwks.endpoint.retry.backoff.ms = 100
	sasl.oauthbearer.jwks.endpoint.url = null
	sasl.oauthbearer.jwt.retriever.class = class org.apache.kafka.common.security.oauthbearer.DefaultJwtRetriever
	sasl.oauthbearer.jwt.validator.class = class org.apache.kafka.common.security.oauthbearer.DefaultJwtValidator
	sasl.oauthbearer.scope = null
	sasl.oauthbearer.scope.claim.name = scope
	sasl.oauthbearer.sub.claim.name = sub
	sasl.oauthbearer.token.endpoint.url = null
	security.protocol = PLAINTEXT
	security.providers = null
	send.buffer.bytes = 131072
	session.timeout.ms = 45000
	share.acknowledgement.mode = implicit
	share.acquire.mode = BATCH_OPTIMIZED
	socket.connection.setup.timeout.max.ms = 30000
	socket.connection.setup.timeout.ms = 10000
	ssl.cipher.suites = []
	ssl.enabled.protocols = [TLSv1.2, TLSv1.3]
	ssl.endpoint.identification.algorithm = https
	ssl.engine.factory.class = null
	ssl.key.password = null
	ssl.keymanager.algorithm = SunX509
	ssl.keystore.certificate.chain = null
	ssl.keystore.key = null
	ssl.keystore.location = null
	ssl.keystore.password = null
	ssl.keystore.type = JKS
	ssl.protocol = TLSv1.3
	ssl.provider = null
	ssl.secure.random.implementation = null
	ssl.trustmanager.algorithm = PKIX
	ssl.truststore.certificates = null
	ssl.truststore.location = null
	ssl.truststore.password = null
	ssl.truststore.type = JKS
	value.deserializer = class org.apache.kafka.common.serialization.ByteArrayDeserializer

[main] INFO org.apache.kafka.common.telemetry.internals.KafkaMetricsCollector - initializing Kafka metrics collector
[main] INFO org.apache.kafka.clients.consumer.internals.ClassicKafkaConsumer - [Consumer clientId=consumer-nereus-delay-target-source-a515e96c-eb1e-4526-96ad-2b8a8bb25662-1, groupId=nereus-delay-target-source-a515e96c-eb1e-4526-96ad-2b8a8bb25662]
****************************************************************
* The consumer rebalance protocol (KIP-848) is production-ready!
* Set the consumer configuration group.protocol=consumer to try it out.
* See https://kafka.apache.org/documentation/#consumer_rebalance_protocol
****************************************************************
[main] INFO org.apache.kafka.common.utils.internals.AppInfoParser - Kafka version: 4.4.0-SNAPSHOT
[main] INFO org.apache.kafka.common.utils.internals.AppInfoParser - Kafka commitId: unknown
[main] INFO org.apache.kafka.common.utils.internals.AppInfoParser - Kafka startTimeMs: 1791479714210
[main] INFO org.apache.kafka.clients.consumer.internals.ClassicKafkaConsumer - [Consumer clientId=consumer-nereus-delay-target-source-a515e96c-eb1e-4526-96ad-2b8a8bb25662-1, groupId=nereus-delay-target-source-a515e96c-eb1e-4526-96ad-2b8a8bb25662] Assigned to partition(s): nereus-delay-source-topic-target-worker-expiry-network-loss-target-3696a1fd-2037-416a-84b8-c6eee8882769-0
[main] INFO org.apache.kafka.clients.consumer.internals.ClassicKafkaConsumer - [Consumer clientId=consumer-nereus-delay-target-source-a515e96c-eb1e-4526-96ad-2b8a8bb25662-1, groupId=nereus-delay-target-source-a515e96c-eb1e-4526-96ad-2b8a8bb25662] Seeking to offset 1 for partition nereus-delay-source-topic-target-worker-expiry-network-loss-target-3696a1fd-2037-416a-84b8-c6eee8882769-0
[main] INFO org.apache.kafka.clients.Metadata - [Consumer clientId=consumer-nereus-delay-target-source-a515e96c-eb1e-4526-96ad-2b8a8bb25662-1, groupId=nereus-delay-target-source-a515e96c-eb1e-4526-96ad-2b8a8bb25662] Cluster ID: MkU3OEVBNTcwNTJENDM2Qk
[main] INFO org.apache.kafka.clients.consumer.internals.ConsumerCoordinator - [Consumer clientId=consumer-nereus-delay-target-source-a515e96c-eb1e-4526-96ad-2b8a8bb25662-1, groupId=nereus-delay-target-source-a515e96c-eb1e-4526-96ad-2b8a8bb25662] Discovered group coordinator 127.0.0.1:19288 (id: +3 rack: null isFenced: false)
[main] INFO org.apache.kafka.clients.NetworkClient - [Consumer clientId=consumer-nereus-delay-target-source-a515e96c-eb1e-4526-96ad-2b8a8bb25662-1, groupId=nereus-delay-target-source-a515e96c-eb1e-4526-96ad-2b8a8bb25662] Node +3 disconnected.
[main] INFO org.apache.kafka.clients.NetworkClient - [Consumer clientId=consumer-nereus-delay-target-source-a515e96c-eb1e-4526-96ad-2b8a8bb25662-1, groupId=nereus-delay-target-source-a515e96c-eb1e-4526-96ad-2b8a8bb25662] Cancelled in-flight OFFSET_COMMIT request with correlation id 10 due to node +3 being disconnected (elapsed time since creation: 10ms, elapsed time since send: 11ms, throttle time: 0ms, request timeout: 2000ms)
[main] INFO org.apache.kafka.clients.consumer.internals.ConsumerCoordinator - [Consumer clientId=consumer-nereus-delay-target-source-a515e96c-eb1e-4526-96ad-2b8a8bb25662-1, groupId=nereus-delay-target-source-a515e96c-eb1e-4526-96ad-2b8a8bb25662] Group coordinator 127.0.0.1:19288 (id: +3 rack: null isFenced: false) is unavailable or invalid due to cause: null. isDisconnected: true. Rediscovery will be attempted.
[main] INFO org.apache.kafka.clients.consumer.internals.ConsumerCoordinator - [Consumer clientId=consumer-nereus-delay-target-source-a515e96c-eb1e-4526-96ad-2b8a8bb25662-1, groupId=nereus-delay-target-source-a515e96c-eb1e-4526-96ad-2b8a8bb25662] Discovered group coordinator 127.0.0.1:19288 (id: +3 rack: null isFenced: false)
[main] INFO org.apache.kafka.clients.NetworkClient - [Consumer clientId=consumer-nereus-delay-target-source-a515e96c-eb1e-4526-96ad-2b8a8bb25662-1, groupId=nereus-delay-target-source-a515e96c-eb1e-4526-96ad-2b8a8bb25662] Node +3 disconnected.
[main] INFO org.apache.kafka.clients.NetworkClient - [Consumer clientId=consumer-nereus-delay-target-source-a515e96c-eb1e-4526-96ad-2b8a8bb25662-1, groupId=nereus-delay-target-source-a515e96c-eb1e-4526-96ad-2b8a8bb25662] Cancelled in-flight OFFSET_COMMIT request with correlation id 13 due to node +3 being disconnected (elapsed time since creation: 7ms, elapsed time since send: 4ms, throttle time: 0ms, request timeout: 2000ms)
[main] INFO org.apache.kafka.clients.consumer.internals.ConsumerCoordinator - [Consumer clientId=consumer-nereus-delay-target-source-a515e96c-eb1e-4526-96ad-2b8a8bb25662-1, groupId=nereus-delay-target-source-a515e96c-eb1e-4526-96ad-2b8a8bb25662] Group coordinator 127.0.0.1:19288 (id: +3 rack: null isFenced: false) is unavailable or invalid due to cause: null. isDisconnected: true. Rediscovery will be attempted.
[main] INFO org.apache.kafka.clients.consumer.internals.ConsumerCoordinator - [Consumer clientId=consumer-nereus-delay-target-source-a515e96c-eb1e-4526-96ad-2b8a8bb25662-1, groupId=nereus-delay-target-source-a515e96c-eb1e-4526-96ad-2b8a8bb25662] Discovered group coordinator 127.0.0.1:19288 (id: +3 rack: null isFenced: false)
[main] INFO org.apache.kafka.clients.NetworkClient - [Consumer clientId=consumer-nereus-delay-target-source-a515e96c-eb1e-4526-96ad-2b8a8bb25662-1, groupId=nereus-delay-target-source-a515e96c-eb1e-4526-96ad-2b8a8bb25662] Node +3 disconnected.
[main] INFO org.apache.kafka.clients.NetworkClient - [Consumer clientId=consumer-nereus-delay-target-source-a515e96c-eb1e-4526-96ad-2b8a8bb25662-1, groupId=nereus-delay-target-source-a515e96c-eb1e-4526-96ad-2b8a8bb25662] Cancelled in-flight OFFSET_COMMIT request with correlation id 17 due to node +3 being disconnected (elapsed time since creation: 7ms, elapsed time since send: 5ms, throttle time: 0ms, request timeout: 2000ms)
[main] INFO org.apache.kafka.clients.consumer.internals.ConsumerCoordinator - [Consumer clientId=consumer-nereus-delay-target-source-a515e96c-eb1e-4526-96ad-2b8a8bb25662-1, groupId=nereus-delay-target-source-a515e96c-eb1e-4526-96ad-2b8a8bb25662] Group coordinator 127.0.0.1:19288 (id: +3 rack: null isFenced: false) is unavailable or invalid due to cause: null. isDisconnected: true. Rediscovery will be attempted.
[main] INFO org.apache.kafka.clients.consumer.internals.ConsumerCoordinator - [Consumer clientId=consumer-nereus-delay-target-source-a515e96c-eb1e-4526-96ad-2b8a8bb25662-1, groupId=nereus-delay-target-source-a515e96c-eb1e-4526-96ad-2b8a8bb25662] Discovered group coordinator 127.0.0.1:19288 (id: +3 rack: null isFenced: false)
[main] INFO org.apache.kafka.clients.NetworkClient - [Consumer clientId=consumer-nereus-delay-target-source-a515e96c-eb1e-4526-96ad-2b8a8bb25662-1, groupId=nereus-delay-target-source-a515e96c-eb1e-4526-96ad-2b8a8bb25662] Node +3 disconnected.
[main] INFO org.apache.kafka.clients.NetworkClient - [Consumer clientId=consumer-nereus-delay-target-source-a515e96c-eb1e-4526-96ad-2b8a8bb25662-1, groupId=nereus-delay-target-source-a515e96c-eb1e-4526-96ad-2b8a8bb25662] Cancelled in-flight OFFSET_COMMIT request with correlation id 21 due to node +3 being disconnected (elapsed time since creation: 7ms, elapsed time since send: 5ms, throttle time: 0ms, request timeout: 2000ms)
[main] INFO org.apache.kafka.clients.consumer.internals.ConsumerCoordinator - [Consumer clientId=consumer-nereus-delay-target-source-a515e96c-eb1e-4526-96ad-2b8a8bb25662-1, groupId=nereus-delay-target-source-a515e96c-eb1e-4526-96ad-2b8a8bb25662] Group coordinator 127.0.0.1:19288 (id: +3 rack: null isFenced: false) is unavailable or invalid due to cause: null. isDisconnected: true. Rediscovery will be attempted.
[main] INFO org.apache.kafka.clients.consumer.internals.ConsumerCoordinator - [Consumer clientId=consumer-nereus-delay-target-source-a515e96c-eb1e-4526-96ad-2b8a8bb25662-1, groupId=nereus-delay-target-source-a515e96c-eb1e-4526-96ad-2b8a8bb25662] Discovered group coordinator 127.0.0.1:19288 (id: +3 rack: null isFenced: false)
[main] INFO org.apache.kafka.clients.NetworkClient - [Consumer clientId=consumer-nereus-delay-target-source-a515e96c-eb1e-4526-96ad-2b8a8bb25662-1, groupId=nereus-delay-target-source-a515e96c-eb1e-4526-96ad-2b8a8bb25662] Node +3 disconnected.
[main] INFO org.apache.kafka.clients.NetworkClient - [Consumer clientId=consumer-nereus-delay-target-source-a515e96c-eb1e-4526-96ad-2b8a8bb25662-1, groupId=nereus-delay-target-source-a515e96c-eb1e-4526-96ad-2b8a8bb25662] Cancelled in-flight OFFSET_COMMIT request with correlation id 25 due to node +3 being disconnected (elapsed time since creation: 7ms, elapsed time since send: 4ms, throttle time: 0ms, request timeout: 2000ms)
[main] INFO org.apache.kafka.clients.consumer.internals.ConsumerCoordinator - [Consumer clientId=consumer-nereus-delay-target-source-a515e96c-eb1e-4526-96ad-2b8a8bb25662-1, groupId=nereus-delay-target-source-a515e96c-eb1e-4526-96ad-2b8a8bb25662] Group coordinator 127.0.0.1:19288 (id: +3 rack: null isFenced: false) is unavailable or invalid due to cause: null. isDisconnected: true. Rediscovery will be attempted.
[main] INFO org.apache.kafka.clients.consumer.internals.ConsumerCoordinator - [Consumer clientId=consumer-nereus-delay-target-source-a515e96c-eb1e-4526-96ad-2b8a8bb25662-1, groupId=nereus-delay-target-source-a515e96c-eb1e-4526-96ad-2b8a8bb25662] Discovered group coordinator 127.0.0.1:19288 (id: +3 rack: null isFenced: false)
[main] INFO org.apache.kafka.clients.NetworkClient - [Consumer clientId=consumer-nereus-delay-target-source-a515e96c-eb1e-4526-96ad-2b8a8bb25662-1, groupId=nereus-delay-target-source-a515e96c-eb1e-4526-96ad-2b8a8bb25662] Node +3 disconnected.
[main] INFO org.apache.kafka.clients.NetworkClient - [Consumer clientId=consumer-nereus-delay-target-source-a515e96c-eb1e-4526-96ad-2b8a8bb25662-1, groupId=nereus-delay-target-source-a515e96c-eb1e-4526-96ad-2b8a8bb25662] Cancelled in-flight OFFSET_COMMIT request with correlation id 29 due to node +3 being disconnected (elapsed time since creation: 6ms, elapsed time since send: 4ms, throttle time: 0ms, request timeout: 2000ms)
[main] INFO org.apache.kafka.clients.consumer.internals.ConsumerCoordinator - [Consumer clientId=consumer-nereus-delay-target-source-a515e96c-eb1e-4526-96ad-2b8a8bb25662-1, groupId=nereus-delay-target-source-a515e96c-eb1e-4526-96ad-2b8a8bb25662] Group coordinator 127.0.0.1:19288 (id: +3 rack: null isFenced: false) is unavailable or invalid due to cause: null. isDisconnected: true. Rediscovery will be attempted.
[main] INFO org.apache.kafka.clients.consumer.internals.ConsumerCoordinator - [Consumer clientId=consumer-nereus-delay-target-source-a515e96c-eb1e-4526-96ad-2b8a8bb25662-1, groupId=nereus-delay-target-source-a515e96c-eb1e-4526-96ad-2b8a8bb25662] Discovered group coordinator 127.0.0.1:19288 (id: +3 rack: null isFenced: false)
[main] INFO org.apache.kafka.clients.NetworkClient - [Consumer clientId=consumer-nereus-delay-target-source-a515e96c-eb1e-4526-96ad-2b8a8bb25662-1, groupId=nereus-delay-target-source-a515e96c-eb1e-4526-96ad-2b8a8bb25662] Node +3 disconnected.
[main] INFO org.apache.kafka.clients.NetworkClient - [Consumer clientId=consumer-nereus-delay-target-source-a515e96c-eb1e-4526-96ad-2b8a8bb25662-1, groupId=nereus-delay-target-source-a515e96c-eb1e-4526-96ad-2b8a8bb25662] Cancelled in-flight OFFSET_COMMIT request with correlation id 33 due to node +3 being disconnected (elapsed time since creation: 10ms, elapsed time since send: 6ms, throttle time: 0ms, request timeout: 2000ms)
[main] INFO org.apache.kafka.clients.consumer.internals.ConsumerCoordinator - [Consumer clientId=consumer-nereus-delay-target-source-a515e96c-eb1e-4526-96ad-2b8a8bb25662-1, groupId=nereus-delay-target-source-a515e96c-eb1e-4526-96ad-2b8a8bb25662] Group coordinator 127.0.0.1:19288 (id: +3 rack: null isFenced: false) is unavailable or invalid due to cause: null. isDisconnected: true. Rediscovery will be attempted.
[main] INFO org.apache.kafka.clients.consumer.internals.ConsumerCoordinator - [Consumer clientId=consumer-nereus-delay-target-source-a515e96c-eb1e-4526-96ad-2b8a8bb25662-1, groupId=nereus-delay-target-source-a515e96c-eb1e-4526-96ad-2b8a8bb25662] Discovered group coordinator 127.0.0.1:19288 (id: +3 rack: null isFenced: false)
[main] INFO org.apache.kafka.clients.NetworkClient - [Consumer clientId=consumer-nereus-delay-target-source-a515e96c-eb1e-4526-96ad-2b8a8bb25662-1, groupId=nereus-delay-target-source-a515e96c-eb1e-4526-96ad-2b8a8bb25662] Node +3 disconnected.
[main] INFO org.apache.kafka.clients.NetworkClient - [Consumer clientId=consumer-nereus-delay-target-source-a515e96c-eb1e-4526-96ad-2b8a8bb25662-1, groupId=nereus-delay-target-source-a515e96c-eb1e-4526-96ad-2b8a8bb25662] Cancelled in-flight OFFSET_COMMIT request with correlation id 36 due to node +3 being disconnected (elapsed time since creation: 14ms, elapsed time since send: 7ms, throttle time: 0ms, request timeout: 2000ms)
[main] INFO org.apache.kafka.clients.consumer.internals.ConsumerCoordinator - [Consumer clientId=consumer-nereus-delay-target-source-a515e96c-eb1e-4526-96ad-2b8a8bb25662-1, groupId=nereus-delay-target-source-a515e96c-eb1e-4526-96ad-2b8a8bb25662] Group coordinator 127.0.0.1:19288 (id: +3 rack: null isFenced: false) is unavailable or invalid due to cause: null. isDisconnected: true. Rediscovery will be attempted.
[main] INFO org.apache.kafka.clients.consumer.internals.ConsumerCoordinator - [Consumer clientId=consumer-nereus-delay-target-source-a515e96c-eb1e-4526-96ad-2b8a8bb25662-1, groupId=nereus-delay-target-source-a515e96c-eb1e-4526-96ad-2b8a8bb25662] Discovered group coordinator 127.0.0.1:19288 (id: +3 rack: null isFenced: false)
Kafka Target EXPIRE_GENERATION first application and immutable duplicate replay passed: Broker offsets 2/3 ACKed; expiry authority resolved once.
Kafka Target EXPIRE_GENERATION ACK response-loss recovery passed: the Broker committed the first expiry offset before the client lost the response; retry ACKed the retained entry without another Store write.
K1 semantic companion candidate passed: actual Broker ACK cut/Host/Worker/Store/atomic file placement, no-write reuse and physical audit; empty semantics and Owner/intent/protection authorities are explicit fixtures. No upload/Catalog/install authority.
[main] INFO org.apache.kafka.clients.consumer.internals.ConsumerCoordinator - [Consumer clientId=consumer-nereus-delay-target-source-a515e96c-eb1e-4526-96ad-2b8a8bb25662-1, groupId=nereus-delay-target-source-a515e96c-eb1e-4526-96ad-2b8a8bb25662] Resetting generation and member id due to: consumer pro-actively leaving the group
[main] INFO org.apache.kafka.clients.consumer.internals.ConsumerCoordinator - [Consumer clientId=consumer-nereus-delay-target-source-a515e96c-eb1e-4526-96ad-2b8a8bb25662-1, groupId=nereus-delay-target-source-a515e96c-eb1e-4526-96ad-2b8a8bb25662] Request joining group due to: consumer pro-actively leaving the group
[main] INFO org.apache.kafka.common.metrics.Metrics - Metrics scheduler closed
[main] INFO org.apache.kafka.common.metrics.Metrics - Closing reporter org.apache.kafka.common.metrics.JmxReporter
[main] INFO org.apache.kafka.common.metrics.Metrics - Closing reporter org.apache.kafka.common.telemetry.internals.ClientTelemetryReporter
[main] INFO org.apache.kafka.common.metrics.Metrics - Metrics reporters closed
[main] INFO org.apache.kafka.common.utils.internals.AppInfoParser - App info kafka.consumer for consumer-nereus-delay-target-source-a515e96c-eb1e-4526-96ad-2b8a8bb25662-1 unregistered
Kafka Target Worker Host lifecycle passed: real maintenance tick, source apply/ACK, and exact Owner/Store drain.
Kafka Target source factory: first grant at offset 0; Cancel at offset 1 was applied and ACKed; EXPIRE_GENERATION applied with NOT_FOUND; Target expiry Broker OffsetCommit response was received by the TCP proxy and withheld before reaching the Kafka client.
  the Worker retained the exact applied source entry and retried only the ACK, without another Store write; TopicId/partition guard verified.
[main] INFO org.apache.kafka.common.metrics.Metrics - Metrics scheduler closed
[main] INFO org.apache.kafka.common.metrics.Metrics - Closing reporter org.apache.kafka.common.metrics.JmxReporter
[main] INFO org.apache.kafka.common.metrics.Metrics - Metrics reporters closed
[kafka-admin-client-thread | adminclient-1] INFO org.apache.kafka.common.utils.internals.AppInfoParser - App info kafka.admin.client for adminclient-1 unregistered
[kafka-admin-client-thread | adminclient-1] INFO org.apache.kafka.common.metrics.Metrics - Metrics scheduler closed
[kafka-admin-client-thread | adminclient-1] INFO org.apache.kafka.common.metrics.Metrics - Closing reporter org.apache.kafka.common.metrics.JmxReporter
[kafka-admin-client-thread | adminclient-1] INFO org.apache.kafka.common.metrics.Metrics - Metrics reporters closed

BUILD SUCCESSFUL in 23s
13 actionable tasks: 2 executed, 11 up-to-date
Consider enabling configuration cache to speed up this build: https://docs.gradle.org/9.4.1/userguide/configuration_cache_enabling.html
To honour the JVM settings for this build a single-use Daemon process will be forked. For more on this, please refer to https://docs.gradle.org/9.4.1/userguide/gradle_daemon.html#sec:disabling_the_daemon in the Gradle documentation.
Daemon will be stopped at the end of the build
> Task :protobufDummy UP-TO-DATE
> Task :extractIncludeProto UP-TO-DATE
> Task :extractProto UP-TO-DATE
> Task :generateProto UP-TO-DATE
> Task :compileJava UP-TO-DATE
> Task :generateRunningArtifactIdentity
> Task :processProtoResources UP-TO-DATE
> Task :processResources UP-TO-DATE
> Task :classes UP-TO-DATE
> Task :extractIncludeRealKafkaProto UP-TO-DATE
> Task :extractRealKafkaProto UP-TO-DATE
> Task :generateRealKafkaProto NO-SOURCE
> Task :compileRealKafka UP-TO-DATE
> Task :compileRealKafkaJava SKIPPED
> Task :processRealKafkaProtoResources UP-TO-DATE
> Task :processRealKafkaResources UP-TO-DATE
> Task :realKafkaClasses UP-TO-DATE

> Task :runRealKafkaOffsetCommitResponseLossProxy
Kafka OffsetCommit response-loss proxy stopped after dropping 8 Broker response(s)

BUILD SUCCESSFUL in 38s
13 actionable tasks: 2 executed, 11 up-to-date
Consider enabling configuration cache to speed up this build: https://docs.gradle.org/9.4.1/userguide/configuration_cache_enabling.html
To honour the JVM settings for this build a single-use Daemon process will be forked. For more on this, please refer to https://docs.gradle.org/9.4.1/userguide/gradle_daemon.html#sec:disabling_the_daemon in the Gradle documentation.
Daemon will be stopped at the end of the build
> Task :protobufDummy UP-TO-DATE
> Task :extractIncludeProto UP-TO-DATE
> Task :extractProto UP-TO-DATE
> Task :generateProto UP-TO-DATE
> Task :compileJava UP-TO-DATE
> Task :generateRunningArtifactIdentity
> Task :processProtoResources UP-TO-DATE
> Task :processResources UP-TO-DATE
> Task :classes UP-TO-DATE
> Task :extractIncludeRealKafkaProto UP-TO-DATE
> Task :extractRealKafkaProto UP-TO-DATE
> Task :generateRealKafkaProto NO-SOURCE
> Task :compileRealKafka UP-TO-DATE
> Task :compileRealKafkaJava SKIPPED
> Task :processRealKafkaProtoResources UP-TO-DATE
> Task :processRealKafkaResources UP-TO-DATE
> Task :realKafkaClasses UP-TO-DATE

> Task :runRealKafkaTargetWorkerSourceSmoke
[main] INFO org.apache.kafka.common.config.AbstractConfig - AdminClientConfig values:
	bootstrap.controllers = []
	bootstrap.servers = [127.0.0.1:19286, 127.0.0.1:19287, 127.0.0.1:19288]
	client.dns.lookup = use_all_dns_ips
	client.id =
	config.providers = []
	connections.max.idle.ms = 300000
	default.api.timeout.ms = 60000
	enable.metrics.push = false
	metadata.cluster.check.enable = true
	metadata.max.age.ms = 300000
	metadata.recovery.rebootstrap.trigger.ms = 300000
	metadata.recovery.strategy = rebootstrap
	metric.reporters = [org.apache.kafka.common.metrics.JmxReporter]
	metrics.num.samples = 2
	metrics.recording.level = INFO
	metrics.sample.window.ms = 30000
	receive.buffer.bytes = 65536
	reconnect.backoff.max.ms = 1000
	reconnect.backoff.ms = 50
	request.timeout.ms = 10000
	retries = 2147483647
	retry.backoff.max.ms = 1000
	retry.backoff.ms = 100
	sasl.client.callback.handler.class = null
	sasl.jaas.config = null
	sasl.kerberos.kinit.cmd = /usr/bin/kinit
	sasl.kerberos.min.time.before.relogin = 60000
	sasl.kerberos.service.name = null
	sasl.kerberos.ticket.renew.jitter = 0.05
	sasl.kerberos.ticket.renew.window.factor = 0.8
	sasl.login.callback.handler.class = null
	sasl.login.class = null
	sasl.login.connect.timeout.ms = null
	sasl.login.read.timeout.ms = null
	sasl.login.refresh.buffer.seconds = 300
	sasl.login.refresh.min.period.seconds = 60
	sasl.login.refresh.window.factor = 0.8
	sasl.login.refresh.window.jitter = 0.05
	sasl.login.retry.backoff.max.ms = 10000
	sasl.login.retry.backoff.ms = 100
	sasl.mechanism = GSSAPI
	sasl.oauthbearer.allow.unverified.audience = false
	sasl.oauthbearer.allow.unverified.issuer = false
	sasl.oauthbearer.assertion.algorithm = RS256
	sasl.oauthbearer.assertion.claim.aud = null
	sasl.oauthbearer.assertion.claim.exp.seconds = 300
	sasl.oauthbearer.assertion.claim.iss = null
	sasl.oauthbearer.assertion.claim.jti.include = false
	sasl.oauthbearer.assertion.claim.nbf.seconds = 60
	sasl.oauthbearer.assertion.claim.sub = null
	sasl.oauthbearer.assertion.file = null
	sasl.oauthbearer.assertion.private.key.file = null
	sasl.oauthbearer.assertion.private.key.passphrase = null
	sasl.oauthbearer.assertion.template.file = null
	sasl.oauthbearer.client.credentials.client.id = null
	sasl.oauthbearer.client.credentials.client.secret = null
	sasl.oauthbearer.clock.skew.seconds = 30
	sasl.oauthbearer.expected.audience = []
	sasl.oauthbearer.expected.issuer = null
	sasl.oauthbearer.header.urlencode = false
	sasl.oauthbearer.jwks.endpoint.refresh.ms = 3600000
	sasl.oauthbearer.jwks.endpoint.retry.backoff.max.ms = 10000
	sasl.oauthbearer.jwks.endpoint.retry.backoff.ms = 100
	sasl.oauthbearer.jwks.endpoint.url = null
	sasl.oauthbearer.jwt.retriever.class = class org.apache.kafka.common.security.oauthbearer.DefaultJwtRetriever
	sasl.oauthbearer.jwt.validator.class = class org.apache.kafka.common.security.oauthbearer.DefaultJwtValidator
	sasl.oauthbearer.scope = null
	sasl.oauthbearer.scope.claim.name = scope
	sasl.oauthbearer.sub.claim.name = sub
	sasl.oauthbearer.token.endpoint.url = null
	security.protocol = PLAINTEXT
	security.providers = null
	send.buffer.bytes = 131072
	socket.connection.setup.timeout.max.ms = 30000
	socket.connection.setup.timeout.ms = 10000
	ssl.cipher.suites = []
	ssl.enabled.protocols = [TLSv1.2, TLSv1.3]
	ssl.endpoint.identification.algorithm = https
	ssl.engine.factory.class = null
	ssl.key.password = null
	ssl.keymanager.algorithm = SunX509
	ssl.keystore.certificate.chain = null
	ssl.keystore.key = null
	ssl.keystore.location = null
	ssl.keystore.password = null
	ssl.keystore.type = JKS
	ssl.protocol = TLSv1.3
	ssl.provider = null
	ssl.secure.random.implementation = null
	ssl.trustmanager.algorithm = PKIX
	ssl.truststore.certificates = null
	ssl.truststore.location = null
	ssl.truststore.password = null
	ssl.truststore.type = JKS

[main] INFO org.apache.kafka.common.utils.internals.AppInfoParser - Kafka version: 4.4.0-SNAPSHOT
[main] INFO org.apache.kafka.common.utils.internals.AppInfoParser - Kafka commitId: unknown
[main] INFO org.apache.kafka.common.utils.internals.AppInfoParser - Kafka startTimeMs: 1791479750015
[main] INFO org.apache.kafka.common.config.AbstractConfig - ProducerConfig values:
	acks = -1
	batch.size = 16384
	bootstrap.servers = [127.0.0.1:19286, 127.0.0.1:19287, 127.0.0.1:19288]
	buffer.memory = 33554432
	client.dns.lookup = use_all_dns_ips
	client.id = producer-1
	client.rack =
	compression.gzip.level = -1
	compression.lz4.level = 9
	compression.type = none
	compression.zstd.level = 3
	config.providers = []
	connections.max.idle.ms = 540000
	delivery.timeout.ms = 120000
	enable.idempotence = true
	enable.metrics.push = true
	interceptor.classes = []
	key.serializer = class org.apache.kafka.common.serialization.ByteArraySerializer
	linger.ms = 5
	max.block.ms = 60000
	max.in.flight.requests.per.connection = 5
	max.request.size = 1048576
	metadata.cluster.check.enable = true
	metadata.max.age.ms = 300000
	metadata.max.idle.ms = 300000
	metadata.recovery.rebootstrap.trigger.ms = 300000
	metadata.recovery.strategy = rebootstrap
	metric.reporters = [org.apache.kafka.common.metrics.JmxReporter]
	metrics.num.samples = 2
	metrics.recording.level = INFO
	metrics.sample.window.ms = 30000
	partitioner.adaptive.partitioning.enable = true
	partitioner.availability.timeout.ms = 0
	partitioner.class = null
	partitioner.ignore.keys = false
	partitioner.rack.aware = false
	receive.buffer.bytes = 32768
	reconnect.backoff.max.ms = 1000
	reconnect.backoff.ms = 50
	request.timeout.ms = 30000
	retries = 2147483647
	retry.backoff.max.ms = 1000
	retry.backoff.ms = 100
	sasl.client.callback.handler.class = null
	sasl.jaas.config = null
	sasl.kerberos.kinit.cmd = /usr/bin/kinit
	sasl.kerberos.min.time.before.relogin = 60000
	sasl.kerberos.service.name = null
	sasl.kerberos.ticket.renew.jitter = 0.05
	sasl.kerberos.ticket.renew.window.factor = 0.8
	sasl.login.callback.handler.class = null
	sasl.login.class = null
	sasl.login.connect.timeout.ms = null
	sasl.login.read.timeout.ms = null
	sasl.login.refresh.buffer.seconds = 300
	sasl.login.refresh.min.period.seconds = 60
	sasl.login.refresh.window.factor = 0.8
	sasl.login.refresh.window.jitter = 0.05
	sasl.login.retry.backoff.max.ms = 10000
	sasl.login.retry.backoff.ms = 100
	sasl.mechanism = GSSAPI
	sasl.oauthbearer.allow.unverified.audience = false
	sasl.oauthbearer.allow.unverified.issuer = false
	sasl.oauthbearer.assertion.algorithm = RS256
	sasl.oauthbearer.assertion.claim.aud = null
	sasl.oauthbearer.assertion.claim.exp.seconds = 300
	sasl.oauthbearer.assertion.claim.iss = null
	sasl.oauthbearer.assertion.claim.jti.include = false
	sasl.oauthbearer.assertion.claim.nbf.seconds = 60
	sasl.oauthbearer.assertion.claim.sub = null
	sasl.oauthbearer.assertion.file = null
	sasl.oauthbearer.assertion.private.key.file = null
	sasl.oauthbearer.assertion.private.key.passphrase = null
	sasl.oauthbearer.assertion.template.file = null
	sasl.oauthbearer.client.credentials.client.id = null
	sasl.oauthbearer.client.credentials.client.secret = null
	sasl.oauthbearer.clock.skew.seconds = 30
	sasl.oauthbearer.expected.audience = []
	sasl.oauthbearer.expected.issuer = null
	sasl.oauthbearer.header.urlencode = false
	sasl.oauthbearer.jwks.endpoint.refresh.ms = 3600000
	sasl.oauthbearer.jwks.endpoint.retry.backoff.max.ms = 10000
	sasl.oauthbearer.jwks.endpoint.retry.backoff.ms = 100
	sasl.oauthbearer.jwks.endpoint.url = null
	sasl.oauthbearer.jwt.retriever.class = class org.apache.kafka.common.security.oauthbearer.DefaultJwtRetriever
	sasl.oauthbearer.jwt.validator.class = class org.apache.kafka.common.security.oauthbearer.DefaultJwtValidator
	sasl.oauthbearer.scope = null
	sasl.oauthbearer.scope.claim.name = scope
	sasl.oauthbearer.sub.claim.name = sub
	sasl.oauthbearer.token.endpoint.url = null
	security.protocol = PLAINTEXT
	security.providers = null
	send.buffer.bytes = 131072
	socket.connection.setup.timeout.max.ms = 30000
	socket.connection.setup.timeout.ms = 10000
	ssl.cipher.suites = []
	ssl.enabled.protocols = [TLSv1.2, TLSv1.3]
	ssl.endpoint.identification.algorithm = https
	ssl.engine.factory.class = null
	ssl.key.password = null
	ssl.keymanager.algorithm = SunX509
	ssl.keystore.certificate.chain = null
	ssl.keystore.key = null
	ssl.keystore.location = null
	ssl.keystore.password = null
	ssl.keystore.type = JKS
	ssl.protocol = TLSv1.3
	ssl.provider = null
	ssl.secure.random.implementation = null
	ssl.trustmanager.algorithm = PKIX
	ssl.truststore.certificates = null
	ssl.truststore.location = null
	ssl.truststore.password = null
	ssl.truststore.type = JKS
	transaction.timeout.ms = 60000
	transaction.two.phase.commit.enable = false
	transactional.id = null
	value.serializer = class org.apache.kafka.common.serialization.ByteArraySerializer

[main] INFO org.apache.kafka.common.telemetry.internals.KafkaMetricsCollector - initializing Kafka metrics collector
[main] INFO org.apache.kafka.clients.producer.KafkaProducer - [Producer clientId=producer-1] Instantiated an idempotent producer.
[main] INFO org.apache.kafka.common.utils.internals.AppInfoParser - Kafka version: 4.4.0-SNAPSHOT
[main] INFO org.apache.kafka.common.utils.internals.AppInfoParser - Kafka commitId: unknown
[main] INFO org.apache.kafka.common.utils.internals.AppInfoParser - Kafka startTimeMs: 1791479750343
[kafka-producer-network-thread | producer-1] INFO org.apache.kafka.clients.Metadata - [Producer clientId=producer-1] Cluster ID: MkU3OEVBNTcwNTJENDM2Qk
[kafka-producer-network-thread | producer-1] INFO org.apache.kafka.clients.producer.internals.TransactionManager - [Producer clientId=producer-1] ProducerId set to 3 with epoch 0
[main] INFO org.apache.kafka.clients.producer.KafkaProducer - [Producer clientId=producer-1] Closing the Kafka producer with timeoutMillis = 9223372036854775807 ms.
[main] INFO org.apache.kafka.common.metrics.Metrics - Metrics scheduler closed
[main] INFO org.apache.kafka.common.metrics.Metrics - Closing reporter org.apache.kafka.common.metrics.JmxReporter
[main] INFO org.apache.kafka.common.metrics.Metrics - Closing reporter org.apache.kafka.common.telemetry.internals.ClientTelemetryReporter
[main] INFO org.apache.kafka.common.metrics.Metrics - Metrics reporters closed
[main] INFO org.apache.kafka.common.utils.internals.AppInfoParser - App info kafka.producer for producer-1 unregistered
[main] INFO org.apache.kafka.common.config.AbstractConfig - ProducerConfig values:
	acks = -1
	batch.size = 16384
	bootstrap.servers = [127.0.0.1:19286, 127.0.0.1:19287, 127.0.0.1:19288]
	buffer.memory = 33554432
	client.dns.lookup = use_all_dns_ips
	client.id = producer-2
	client.rack =
	compression.gzip.level = -1
	compression.lz4.level = 9
	compression.type = none
	compression.zstd.level = 3
	config.providers = []
	connections.max.idle.ms = 540000
	delivery.timeout.ms = 120000
	enable.idempotence = true
	enable.metrics.push = true
	interceptor.classes = []
	key.serializer = class org.apache.kafka.common.serialization.ByteArraySerializer
	linger.ms = 5
	max.block.ms = 60000
	max.in.flight.requests.per.connection = 5
	max.request.size = 1048576
	metadata.cluster.check.enable = true
	metadata.max.age.ms = 300000
	metadata.max.idle.ms = 300000
	metadata.recovery.rebootstrap.trigger.ms = 300000
	metadata.recovery.strategy = rebootstrap
	metric.reporters = [org.apache.kafka.common.metrics.JmxReporter]
	metrics.num.samples = 2
	metrics.recording.level = INFO
	metrics.sample.window.ms = 30000
	partitioner.adaptive.partitioning.enable = true
	partitioner.availability.timeout.ms = 0
	partitioner.class = null
	partitioner.ignore.keys = false
	partitioner.rack.aware = false
	receive.buffer.bytes = 32768
	reconnect.backoff.max.ms = 1000
	reconnect.backoff.ms = 50
	request.timeout.ms = 30000
	retries = 2147483647
	retry.backoff.max.ms = 1000
	retry.backoff.ms = 100
	sasl.client.callback.handler.class = null
	sasl.jaas.config = null
	sasl.kerberos.kinit.cmd = /usr/bin/kinit
	sasl.kerberos.min.time.before.relogin = 60000
	sasl.kerberos.service.name = null
	sasl.kerberos.ticket.renew.jitter = 0.05
	sasl.kerberos.ticket.renew.window.factor = 0.8
	sasl.login.callback.handler.class = null
	sasl.login.class = null
	sasl.login.connect.timeout.ms = null
	sasl.login.read.timeout.ms = null
	sasl.login.refresh.buffer.seconds = 300
	sasl.login.refresh.min.period.seconds = 60
	sasl.login.refresh.window.factor = 0.8
	sasl.login.refresh.window.jitter = 0.05
	sasl.login.retry.backoff.max.ms = 10000
	sasl.login.retry.backoff.ms = 100
	sasl.mechanism = GSSAPI
	sasl.oauthbearer.allow.unverified.audience = false
	sasl.oauthbearer.allow.unverified.issuer = false
	sasl.oauthbearer.assertion.algorithm = RS256
	sasl.oauthbearer.assertion.claim.aud = null
	sasl.oauthbearer.assertion.claim.exp.seconds = 300
	sasl.oauthbearer.assertion.claim.iss = null
	sasl.oauthbearer.assertion.claim.jti.include = false
	sasl.oauthbearer.assertion.claim.nbf.seconds = 60
	sasl.oauthbearer.assertion.claim.sub = null
	sasl.oauthbearer.assertion.file = null
	sasl.oauthbearer.assertion.private.key.file = null
	sasl.oauthbearer.assertion.private.key.passphrase = null
	sasl.oauthbearer.assertion.template.file = null
	sasl.oauthbearer.client.credentials.client.id = null
	sasl.oauthbearer.client.credentials.client.secret = null
	sasl.oauthbearer.clock.skew.seconds = 30
	sasl.oauthbearer.expected.audience = []
	sasl.oauthbearer.expected.issuer = null
	sasl.oauthbearer.header.urlencode = false
	sasl.oauthbearer.jwks.endpoint.refresh.ms = 3600000
	sasl.oauthbearer.jwks.endpoint.retry.backoff.max.ms = 10000
	sasl.oauthbearer.jwks.endpoint.retry.backoff.ms = 100
	sasl.oauthbearer.jwks.endpoint.url = null
	sasl.oauthbearer.jwt.retriever.class = class org.apache.kafka.common.security.oauthbearer.DefaultJwtRetriever
	sasl.oauthbearer.jwt.validator.class = class org.apache.kafka.common.security.oauthbearer.DefaultJwtValidator
	sasl.oauthbearer.scope = null
	sasl.oauthbearer.scope.claim.name = scope
	sasl.oauthbearer.sub.claim.name = sub
	sasl.oauthbearer.token.endpoint.url = null
	security.protocol = PLAINTEXT
	security.providers = null
	send.buffer.bytes = 131072
	socket.connection.setup.timeout.max.ms = 30000
	socket.connection.setup.timeout.ms = 10000
	ssl.cipher.suites = []
	ssl.enabled.protocols = [TLSv1.2, TLSv1.3]
	ssl.endpoint.identification.algorithm = https
	ssl.engine.factory.class = null
	ssl.key.password = null
	ssl.keymanager.algorithm = SunX509
	ssl.keystore.certificate.chain = null
	ssl.keystore.key = null
	ssl.keystore.location = null
	ssl.keystore.password = null
	ssl.keystore.type = JKS
	ssl.protocol = TLSv1.3
	ssl.provider = null
	ssl.secure.random.implementation = null
	ssl.trustmanager.algorithm = PKIX
	ssl.truststore.certificates = null
	ssl.truststore.location = null
	ssl.truststore.password = null
	ssl.truststore.type = JKS
	transaction.timeout.ms = 60000
	transaction.two.phase.commit.enable = false
	transactional.id = null
	value.serializer = class org.apache.kafka.common.serialization.ByteArraySerializer

[main] INFO org.apache.kafka.common.telemetry.internals.KafkaMetricsCollector - initializing Kafka metrics collector
[main] INFO org.apache.kafka.clients.producer.KafkaProducer - [Producer clientId=producer-2] Instantiated an idempotent producer.
[main] INFO org.apache.kafka.common.utils.internals.AppInfoParser - Kafka version: 4.4.0-SNAPSHOT
[main] INFO org.apache.kafka.common.utils.internals.AppInfoParser - Kafka commitId: unknown
[main] INFO org.apache.kafka.common.utils.internals.AppInfoParser - Kafka startTimeMs: 1791479750400
[kafka-producer-network-thread | producer-2] INFO org.apache.kafka.clients.Metadata - [Producer clientId=producer-2] Cluster ID: MkU3OEVBNTcwNTJENDM2Qk
[kafka-producer-network-thread | producer-2] INFO org.apache.kafka.clients.producer.internals.TransactionManager - [Producer clientId=producer-2] ProducerId set to 1002 with epoch 0
[main] INFO org.apache.kafka.clients.producer.KafkaProducer - [Producer clientId=producer-2] Closing the Kafka producer with timeoutMillis = 9223372036854775807 ms.
[main] INFO org.apache.kafka.common.metrics.Metrics - Metrics scheduler closed
[main] INFO org.apache.kafka.common.metrics.Metrics - Closing reporter org.apache.kafka.common.metrics.JmxReporter
[main] INFO org.apache.kafka.common.metrics.Metrics - Closing reporter org.apache.kafka.common.telemetry.internals.ClientTelemetryReporter
[main] INFO org.apache.kafka.common.metrics.Metrics - Metrics reporters closed
[main] INFO org.apache.kafka.common.utils.internals.AppInfoParser - App info kafka.producer for producer-2 unregistered
[main] INFO org.apache.kafka.common.config.AbstractConfig - ProducerConfig values:
	acks = -1
	batch.size = 16384
	bootstrap.servers = [127.0.0.1:19286, 127.0.0.1:19287, 127.0.0.1:19288]
	buffer.memory = 33554432
	client.dns.lookup = use_all_dns_ips
	client.id = producer-3
	client.rack =
	compression.gzip.level = -1
	compression.lz4.level = 9
	compression.type = none
	compression.zstd.level = 3
	config.providers = []
	connections.max.idle.ms = 540000
	delivery.timeout.ms = 120000
	enable.idempotence = true
	enable.metrics.push = true
	interceptor.classes = []
	key.serializer = class org.apache.kafka.common.serialization.ByteArraySerializer
	linger.ms = 5
	max.block.ms = 60000
	max.in.flight.requests.per.connection = 5
	max.request.size = 1048576
	metadata.cluster.check.enable = true
	metadata.max.age.ms = 300000
	metadata.max.idle.ms = 300000
	metadata.recovery.rebootstrap.trigger.ms = 300000
	metadata.recovery.strategy = rebootstrap
	metric.reporters = [org.apache.kafka.common.metrics.JmxReporter]
	metrics.num.samples = 2
	metrics.recording.level = INFO
	metrics.sample.window.ms = 30000
	partitioner.adaptive.partitioning.enable = true
	partitioner.availability.timeout.ms = 0
	partitioner.class = null
	partitioner.ignore.keys = false
	partitioner.rack.aware = false
	receive.buffer.bytes = 32768
	reconnect.backoff.max.ms = 1000
	reconnect.backoff.ms = 50
	request.timeout.ms = 30000
	retries = 2147483647
	retry.backoff.max.ms = 1000
	retry.backoff.ms = 100
	sasl.client.callback.handler.class = null
	sasl.jaas.config = null
	sasl.kerberos.kinit.cmd = /usr/bin/kinit
	sasl.kerberos.min.time.before.relogin = 60000
	sasl.kerberos.service.name = null
	sasl.kerberos.ticket.renew.jitter = 0.05
	sasl.kerberos.ticket.renew.window.factor = 0.8
	sasl.login.callback.handler.class = null
	sasl.login.class = null
	sasl.login.connect.timeout.ms = null
	sasl.login.read.timeout.ms = null
	sasl.login.refresh.buffer.seconds = 300
	sasl.login.refresh.min.period.seconds = 60
	sasl.login.refresh.window.factor = 0.8
	sasl.login.refresh.window.jitter = 0.05
	sasl.login.retry.backoff.max.ms = 10000
	sasl.login.retry.backoff.ms = 100
	sasl.mechanism = GSSAPI
	sasl.oauthbearer.allow.unverified.audience = false
	sasl.oauthbearer.allow.unverified.issuer = false
	sasl.oauthbearer.assertion.algorithm = RS256
	sasl.oauthbearer.assertion.claim.aud = null
	sasl.oauthbearer.assertion.claim.exp.seconds = 300
	sasl.oauthbearer.assertion.claim.iss = null
	sasl.oauthbearer.assertion.claim.jti.include = false
	sasl.oauthbearer.assertion.claim.nbf.seconds = 60
	sasl.oauthbearer.assertion.claim.sub = null
	sasl.oauthbearer.assertion.file = null
	sasl.oauthbearer.assertion.private.key.file = null
	sasl.oauthbearer.assertion.private.key.passphrase = null
	sasl.oauthbearer.assertion.template.file = null
	sasl.oauthbearer.client.credentials.client.id = null
	sasl.oauthbearer.client.credentials.client.secret = null
	sasl.oauthbearer.clock.skew.seconds = 30
	sasl.oauthbearer.expected.audience = []
	sasl.oauthbearer.expected.issuer = null
	sasl.oauthbearer.header.urlencode = false
	sasl.oauthbearer.jwks.endpoint.refresh.ms = 3600000
	sasl.oauthbearer.jwks.endpoint.retry.backoff.max.ms = 10000
	sasl.oauthbearer.jwks.endpoint.retry.backoff.ms = 100
	sasl.oauthbearer.jwks.endpoint.url = null
	sasl.oauthbearer.jwt.retriever.class = class org.apache.kafka.common.security.oauthbearer.DefaultJwtRetriever
	sasl.oauthbearer.jwt.validator.class = class org.apache.kafka.common.security.oauthbearer.DefaultJwtValidator
	sasl.oauthbearer.scope = null
	sasl.oauthbearer.scope.claim.name = scope
	sasl.oauthbearer.sub.claim.name = sub
	sasl.oauthbearer.token.endpoint.url = null
	security.protocol = PLAINTEXT
	security.providers = null
	send.buffer.bytes = 131072
	socket.connection.setup.timeout.max.ms = 30000
	socket.connection.setup.timeout.ms = 10000
	ssl.cipher.suites = []
	ssl.enabled.protocols = [TLSv1.2, TLSv1.3]
	ssl.endpoint.identification.algorithm = https
	ssl.engine.factory.class = null
	ssl.key.password = null
	ssl.keymanager.algorithm = SunX509
	ssl.keystore.certificate.chain = null
	ssl.keystore.key = null
	ssl.keystore.location = null
	ssl.keystore.password = null
	ssl.keystore.type = JKS
	ssl.protocol = TLSv1.3
	ssl.provider = null
	ssl.secure.random.implementation = null
	ssl.trustmanager.algorithm = PKIX
	ssl.truststore.certificates = null
	ssl.truststore.location = null
	ssl.truststore.password = null
	ssl.truststore.type = JKS
	transaction.timeout.ms = 60000
	transaction.two.phase.commit.enable = false
	transactional.id = null
	value.serializer = class org.apache.kafka.common.serialization.ByteArraySerializer

[main] INFO org.apache.kafka.common.telemetry.internals.KafkaMetricsCollector - initializing Kafka metrics collector
[main] INFO org.apache.kafka.clients.producer.KafkaProducer - [Producer clientId=producer-3] Instantiated an idempotent producer.
[main] INFO org.apache.kafka.common.utils.internals.AppInfoParser - Kafka version: 4.4.0-SNAPSHOT
[main] INFO org.apache.kafka.common.utils.internals.AppInfoParser - Kafka commitId: unknown
[main] INFO org.apache.kafka.common.utils.internals.AppInfoParser - Kafka startTimeMs: 1791479750433
[kafka-producer-network-thread | producer-3] INFO org.apache.kafka.clients.Metadata - [Producer clientId=producer-3] Cluster ID: MkU3OEVBNTcwNTJENDM2Qk
[kafka-producer-network-thread | producer-3] INFO org.apache.kafka.clients.producer.internals.TransactionManager - [Producer clientId=producer-3] ProducerId set to 1003 with epoch 0
[main] INFO org.apache.kafka.clients.producer.KafkaProducer - [Producer clientId=producer-3] Closing the Kafka producer with timeoutMillis = 9223372036854775807 ms.
[main] INFO org.apache.kafka.common.metrics.Metrics - Metrics scheduler closed
[main] INFO org.apache.kafka.common.metrics.Metrics - Closing reporter org.apache.kafka.common.metrics.JmxReporter
[main] INFO org.apache.kafka.common.metrics.Metrics - Closing reporter org.apache.kafka.common.telemetry.internals.ClientTelemetryReporter
[main] INFO org.apache.kafka.common.metrics.Metrics - Metrics reporters closed
[main] INFO org.apache.kafka.common.utils.internals.AppInfoParser - App info kafka.producer for producer-3 unregistered
[main] INFO org.apache.kafka.common.config.AbstractConfig - ProducerConfig values:
	acks = -1
	batch.size = 16384
	bootstrap.servers = [127.0.0.1:19286, 127.0.0.1:19287, 127.0.0.1:19288]
	buffer.memory = 33554432
	client.dns.lookup = use_all_dns_ips
	client.id = producer-4
	client.rack =
	compression.gzip.level = -1
	compression.lz4.level = 9
	compression.type = none
	compression.zstd.level = 3
	config.providers = []
	connections.max.idle.ms = 540000
	delivery.timeout.ms = 120000
	enable.idempotence = true
	enable.metrics.push = true
	interceptor.classes = []
	key.serializer = class org.apache.kafka.common.serialization.ByteArraySerializer
	linger.ms = 5
	max.block.ms = 60000
	max.in.flight.requests.per.connection = 5
	max.request.size = 1048576
	metadata.cluster.check.enable = true
	metadata.max.age.ms = 300000
	metadata.max.idle.ms = 300000
	metadata.recovery.rebootstrap.trigger.ms = 300000
	metadata.recovery.strategy = rebootstrap
	metric.reporters = [org.apache.kafka.common.metrics.JmxReporter]
	metrics.num.samples = 2
	metrics.recording.level = INFO
	metrics.sample.window.ms = 30000
	partitioner.adaptive.partitioning.enable = true
	partitioner.availability.timeout.ms = 0
	partitioner.class = null
	partitioner.ignore.keys = false
	partitioner.rack.aware = false
	receive.buffer.bytes = 32768
	reconnect.backoff.max.ms = 1000
	reconnect.backoff.ms = 50
	request.timeout.ms = 30000
	retries = 2147483647
	retry.backoff.max.ms = 1000
	retry.backoff.ms = 100
	sasl.client.callback.handler.class = null
	sasl.jaas.config = null
	sasl.kerberos.kinit.cmd = /usr/bin/kinit
	sasl.kerberos.min.time.before.relogin = 60000
	sasl.kerberos.service.name = null
	sasl.kerberos.ticket.renew.jitter = 0.05
	sasl.kerberos.ticket.renew.window.factor = 0.8
	sasl.login.callback.handler.class = null
	sasl.login.class = null
	sasl.login.connect.timeout.ms = null
	sasl.login.read.timeout.ms = null
	sasl.login.refresh.buffer.seconds = 300
	sasl.login.refresh.min.period.seconds = 60
	sasl.login.refresh.window.factor = 0.8
	sasl.login.refresh.window.jitter = 0.05
	sasl.login.retry.backoff.max.ms = 10000
	sasl.login.retry.backoff.ms = 100
	sasl.mechanism = GSSAPI
	sasl.oauthbearer.allow.unverified.audience = false
	sasl.oauthbearer.allow.unverified.issuer = false
	sasl.oauthbearer.assertion.algorithm = RS256
	sasl.oauthbearer.assertion.claim.aud = null
	sasl.oauthbearer.assertion.claim.exp.seconds = 300
	sasl.oauthbearer.assertion.claim.iss = null
	sasl.oauthbearer.assertion.claim.jti.include = false
	sasl.oauthbearer.assertion.claim.nbf.seconds = 60
	sasl.oauthbearer.assertion.claim.sub = null
	sasl.oauthbearer.assertion.file = null
	sasl.oauthbearer.assertion.private.key.file = null
	sasl.oauthbearer.assertion.private.key.passphrase = null
	sasl.oauthbearer.assertion.template.file = null
	sasl.oauthbearer.client.credentials.client.id = null
	sasl.oauthbearer.client.credentials.client.secret = null
	sasl.oauthbearer.clock.skew.seconds = 30
	sasl.oauthbearer.expected.audience = []
	sasl.oauthbearer.expected.issuer = null
	sasl.oauthbearer.header.urlencode = false
	sasl.oauthbearer.jwks.endpoint.refresh.ms = 3600000
	sasl.oauthbearer.jwks.endpoint.retry.backoff.max.ms = 10000
	sasl.oauthbearer.jwks.endpoint.retry.backoff.ms = 100
	sasl.oauthbearer.jwks.endpoint.url = null
	sasl.oauthbearer.jwt.retriever.class = class org.apache.kafka.common.security.oauthbearer.DefaultJwtRetriever
	sasl.oauthbearer.jwt.validator.class = class org.apache.kafka.common.security.oauthbearer.DefaultJwtValidator
	sasl.oauthbearer.scope = null
	sasl.oauthbearer.scope.claim.name = scope
	sasl.oauthbearer.sub.claim.name = sub
	sasl.oauthbearer.token.endpoint.url = null
	security.protocol = PLAINTEXT
	security.providers = null
	send.buffer.bytes = 131072
	socket.connection.setup.timeout.max.ms = 30000
	socket.connection.setup.timeout.ms = 10000
	ssl.cipher.suites = []
	ssl.enabled.protocols = [TLSv1.2, TLSv1.3]
	ssl.endpoint.identification.algorithm = https
	ssl.engine.factory.class = null
	ssl.key.password = null
	ssl.keymanager.algorithm = SunX509
	ssl.keystore.certificate.chain = null
	ssl.keystore.key = null
	ssl.keystore.location = null
	ssl.keystore.password = null
	ssl.keystore.type = JKS
	ssl.protocol = TLSv1.3
	ssl.provider = null
	ssl.secure.random.implementation = null
	ssl.trustmanager.algorithm = PKIX
	ssl.truststore.certificates = null
	ssl.truststore.location = null
	ssl.truststore.password = null
	ssl.truststore.type = JKS
	transaction.timeout.ms = 60000
	transaction.two.phase.commit.enable = false
	transactional.id = null
	value.serializer = class org.apache.kafka.common.serialization.ByteArraySerializer

[main] INFO org.apache.kafka.common.telemetry.internals.KafkaMetricsCollector - initializing Kafka metrics collector
[main] INFO org.apache.kafka.clients.producer.KafkaProducer - [Producer clientId=producer-4] Instantiated an idempotent producer.
[main] INFO org.apache.kafka.common.utils.internals.AppInfoParser - Kafka version: 4.4.0-SNAPSHOT
[main] INFO org.apache.kafka.common.utils.internals.AppInfoParser - Kafka commitId: unknown
[main] INFO org.apache.kafka.common.utils.internals.AppInfoParser - Kafka startTimeMs: 1791479750460
[kafka-producer-network-thread | producer-4] INFO org.apache.kafka.clients.producer.internals.TransactionManager - [Producer clientId=producer-4] ProducerId set to 4 with epoch 0
[kafka-producer-network-thread | producer-4] INFO org.apache.kafka.clients.Metadata - [Producer clientId=producer-4] Cluster ID: MkU3OEVBNTcwNTJENDM2Qk
[main] INFO org.apache.kafka.clients.producer.KafkaProducer - [Producer clientId=producer-4] Closing the Kafka producer with timeoutMillis = 9223372036854775807 ms.
[main] INFO org.apache.kafka.common.metrics.Metrics - Metrics scheduler closed
[main] INFO org.apache.kafka.common.metrics.Metrics - Closing reporter org.apache.kafka.common.metrics.JmxReporter
[main] INFO org.apache.kafka.common.metrics.Metrics - Closing reporter org.apache.kafka.common.telemetry.internals.ClientTelemetryReporter
[main] INFO org.apache.kafka.common.metrics.Metrics - Metrics reporters closed
[main] INFO org.apache.kafka.common.utils.internals.AppInfoParser - App info kafka.producer for producer-4 unregistered
[main] INFO org.apache.kafka.common.config.AbstractConfig - ConsumerConfig values:
	allow.auto.create.topics = true
	auto.commit.interval.ms = 5000
	auto.offset.reset = earliest
	bootstrap.servers = [127.0.0.1:19286, 127.0.0.1:19287, 127.0.0.1:19288]
	check.crcs = true
	client.dns.lookup = use_all_dns_ips
	client.id = consumer-nereus-delay-target-expiry-0f356f3f-4ceb-4c80-b9d5-4f67a74918a8-1
	client.rack =
	config.providers = []
	connections.max.idle.ms = 540000
	default.api.timeout.ms = 5000
	enable.auto.commit = false
	enable.metrics.push = true
	exclude.internal.topics = true
	fetch.max.bytes = 52428800
	fetch.max.wait.ms = 500
	fetch.min.bytes = 1
	group.id = nereus-delay-target-expiry-0f356f3f-4ceb-4c80-b9d5-4f67a74918a8
	group.instance.id = null
	group.protocol = classic
	group.remote.assignor = null
	heartbeat.interval.ms = 3000
	interceptor.classes = []
	internal.throw.on.fetch.stable.offset.unsupported = false
	isolation.level = read_uncommitted
	key.deserializer = class org.apache.kafka.common.serialization.ByteArrayDeserializer
	max.partition.fetch.bytes = 1048576
	max.poll.interval.ms = 300000
	max.poll.records = 500
	metadata.cluster.check.enable = true
	metadata.max.age.ms = 300000
	metadata.recovery.rebootstrap.trigger.ms = 300000
	metadata.recovery.strategy = rebootstrap
	metric.reporters = [org.apache.kafka.common.metrics.JmxReporter]
	metrics.num.samples = 2
	metrics.recording.level = INFO
	metrics.sample.window.ms = 30000
	partition.assignment.strategy = [class org.apache.kafka.clients.consumer.RangeAssignor, class org.apache.kafka.clients.consumer.CooperativeStickyAssignor]
	receive.buffer.bytes = 65536
	reconnect.backoff.max.ms = 1000
	reconnect.backoff.ms = 50
	request.timeout.ms = 2000
	retry.backoff.max.ms = 1000
	retry.backoff.ms = 100
	sasl.client.callback.handler.class = null
	sasl.jaas.config = null
	sasl.kerberos.kinit.cmd = /usr/bin/kinit
	sasl.kerberos.min.time.before.relogin = 60000
	sasl.kerberos.service.name = null
	sasl.kerberos.ticket.renew.jitter = 0.05
	sasl.kerberos.ticket.renew.window.factor = 0.8
	sasl.login.callback.handler.class = null
	sasl.login.class = null
	sasl.login.connect.timeout.ms = null
	sasl.login.read.timeout.ms = null
	sasl.login.refresh.buffer.seconds = 300
	sasl.login.refresh.min.period.seconds = 60
	sasl.login.refresh.window.factor = 0.8
	sasl.login.refresh.window.jitter = 0.05
	sasl.login.retry.backoff.max.ms = 10000
	sasl.login.retry.backoff.ms = 100
	sasl.mechanism = GSSAPI
	sasl.oauthbearer.allow.unverified.audience = false
	sasl.oauthbearer.allow.unverified.issuer = false
	sasl.oauthbearer.assertion.algorithm = RS256
	sasl.oauthbearer.assertion.claim.aud = null
	sasl.oauthbearer.assertion.claim.exp.seconds = 300
	sasl.oauthbearer.assertion.claim.iss = null
	sasl.oauthbearer.assertion.claim.jti.include = false
	sasl.oauthbearer.assertion.claim.nbf.seconds = 60
	sasl.oauthbearer.assertion.claim.sub = null
	sasl.oauthbearer.assertion.file = null
	sasl.oauthbearer.assertion.private.key.file = null
	sasl.oauthbearer.assertion.private.key.passphrase = null
	sasl.oauthbearer.assertion.template.file = null
	sasl.oauthbearer.client.credentials.client.id = null
	sasl.oauthbearer.client.credentials.client.secret = null
	sasl.oauthbearer.clock.skew.seconds = 30
	sasl.oauthbearer.expected.audience = []
	sasl.oauthbearer.expected.issuer = null
	sasl.oauthbearer.header.urlencode = false
	sasl.oauthbearer.jwks.endpoint.refresh.ms = 3600000
	sasl.oauthbearer.jwks.endpoint.retry.backoff.max.ms = 10000
	sasl.oauthbearer.jwks.endpoint.retry.backoff.ms = 100
	sasl.oauthbearer.jwks.endpoint.url = null
	sasl.oauthbearer.jwt.retriever.class = class org.apache.kafka.common.security.oauthbearer.DefaultJwtRetriever
	sasl.oauthbearer.jwt.validator.class = class org.apache.kafka.common.security.oauthbearer.DefaultJwtValidator
	sasl.oauthbearer.scope = null
	sasl.oauthbearer.scope.claim.name = scope
	sasl.oauthbearer.sub.claim.name = sub
	sasl.oauthbearer.token.endpoint.url = null
	security.protocol = PLAINTEXT
	security.providers = null
	send.buffer.bytes = 131072
	session.timeout.ms = 45000
	share.acknowledgement.mode = implicit
	share.acquire.mode = BATCH_OPTIMIZED
	socket.connection.setup.timeout.max.ms = 30000
	socket.connection.setup.timeout.ms = 10000
	ssl.cipher.suites = []
	ssl.enabled.protocols = [TLSv1.2, TLSv1.3]
	ssl.endpoint.identification.algorithm = https
	ssl.engine.factory.class = null
	ssl.key.password = null
	ssl.keymanager.algorithm = SunX509
	ssl.keystore.certificate.chain = null
	ssl.keystore.key = null
	ssl.keystore.location = null
	ssl.keystore.password = null
	ssl.keystore.type = JKS
	ssl.protocol = TLSv1.3
	ssl.provider = null
	ssl.secure.random.implementation = null
	ssl.trustmanager.algorithm = PKIX
	ssl.truststore.certificates = null
	ssl.truststore.location = null
	ssl.truststore.password = null
	ssl.truststore.type = JKS
	value.deserializer = class org.apache.kafka.common.serialization.ByteArrayDeserializer

[main] INFO org.apache.kafka.common.telemetry.internals.KafkaMetricsCollector - initializing Kafka metrics collector
[main] INFO org.apache.kafka.clients.consumer.internals.ClassicKafkaConsumer - [Consumer clientId=consumer-nereus-delay-target-expiry-0f356f3f-4ceb-4c80-b9d5-4f67a74918a8-1, groupId=nereus-delay-target-expiry-0f356f3f-4ceb-4c80-b9d5-4f67a74918a8]
****************************************************************
* The consumer rebalance protocol (KIP-848) is production-ready!
* Set the consumer configuration group.protocol=consumer to try it out.
* See https://kafka.apache.org/documentation/#consumer_rebalance_protocol
****************************************************************
[main] INFO org.apache.kafka.common.utils.internals.AppInfoParser - Kafka version: 4.4.0-SNAPSHOT
[main] INFO org.apache.kafka.common.utils.internals.AppInfoParser - Kafka commitId: unknown
[main] INFO org.apache.kafka.common.utils.internals.AppInfoParser - Kafka startTimeMs: 1791479750829
[main] INFO org.apache.kafka.common.config.AbstractConfig - ProducerConfig values:
	acks = -1
	batch.size = 16384
	bootstrap.servers = [127.0.0.1:19286, 127.0.0.1:19287, 127.0.0.1:19288]
	buffer.memory = 33554432
	client.dns.lookup = use_all_dns_ips
	client.id = producer-5
	client.rack =
	compression.gzip.level = -1
	compression.lz4.level = 9
	compression.type = none
	compression.zstd.level = 3
	config.providers = []
	connections.max.idle.ms = 540000
	delivery.timeout.ms = 120000
	enable.idempotence = true
	enable.metrics.push = true
	interceptor.classes = []
	key.serializer = class org.apache.kafka.common.serialization.ByteArraySerializer
	linger.ms = 5
	max.block.ms = 60000
	max.in.flight.requests.per.connection = 5
	max.request.size = 1048576
	metadata.cluster.check.enable = true
	metadata.max.age.ms = 300000
	metadata.max.idle.ms = 300000
	metadata.recovery.rebootstrap.trigger.ms = 300000
	metadata.recovery.strategy = rebootstrap
	metric.reporters = [org.apache.kafka.common.metrics.JmxReporter]
	metrics.num.samples = 2
	metrics.recording.level = INFO
	metrics.sample.window.ms = 30000
	partitioner.adaptive.partitioning.enable = true
	partitioner.availability.timeout.ms = 0
	partitioner.class = null
	partitioner.ignore.keys = false
	partitioner.rack.aware = false
	receive.buffer.bytes = 32768
	reconnect.backoff.max.ms = 1000
	reconnect.backoff.ms = 50
	request.timeout.ms = 30000
	retries = 2147483647
	retry.backoff.max.ms = 1000
	retry.backoff.ms = 100
	sasl.client.callback.handler.class = null
	sasl.jaas.config = null
	sasl.kerberos.kinit.cmd = /usr/bin/kinit
	sasl.kerberos.min.time.before.relogin = 60000
	sasl.kerberos.service.name = null
	sasl.kerberos.ticket.renew.jitter = 0.05
	sasl.kerberos.ticket.renew.window.factor = 0.8
	sasl.login.callback.handler.class = null
	sasl.login.class = null
	sasl.login.connect.timeout.ms = null
	sasl.login.read.timeout.ms = null
	sasl.login.refresh.buffer.seconds = 300
	sasl.login.refresh.min.period.seconds = 60
	sasl.login.refresh.window.factor = 0.8
	sasl.login.refresh.window.jitter = 0.05
	sasl.login.retry.backoff.max.ms = 10000
	sasl.login.retry.backoff.ms = 100
	sasl.mechanism = GSSAPI
	sasl.oauthbearer.allow.unverified.audience = false
	sasl.oauthbearer.allow.unverified.issuer = false
	sasl.oauthbearer.assertion.algorithm = RS256
	sasl.oauthbearer.assertion.claim.aud = null
	sasl.oauthbearer.assertion.claim.exp.seconds = 300
	sasl.oauthbearer.assertion.claim.iss = null
	sasl.oauthbearer.assertion.claim.jti.include = false
	sasl.oauthbearer.assertion.claim.nbf.seconds = 60
	sasl.oauthbearer.assertion.claim.sub = null
	sasl.oauthbearer.assertion.file = null
	sasl.oauthbearer.assertion.private.key.file = null
	sasl.oauthbearer.assertion.private.key.passphrase = null
	sasl.oauthbearer.assertion.template.file = null
	sasl.oauthbearer.client.credentials.client.id = null
	sasl.oauthbearer.client.credentials.client.secret = null
	sasl.oauthbearer.clock.skew.seconds = 30
	sasl.oauthbearer.expected.audience = []
	sasl.oauthbearer.expected.issuer = null
	sasl.oauthbearer.header.urlencode = false
	sasl.oauthbearer.jwks.endpoint.refresh.ms = 3600000
	sasl.oauthbearer.jwks.endpoint.retry.backoff.max.ms = 10000
	sasl.oauthbearer.jwks.endpoint.retry.backoff.ms = 100
	sasl.oauthbearer.jwks.endpoint.url = null
	sasl.oauthbearer.jwt.retriever.class = class org.apache.kafka.common.security.oauthbearer.DefaultJwtRetriever
	sasl.oauthbearer.jwt.validator.class = class org.apache.kafka.common.security.oauthbearer.DefaultJwtValidator
	sasl.oauthbearer.scope = null
	sasl.oauthbearer.scope.claim.name = scope
	sasl.oauthbearer.sub.claim.name = sub
	sasl.oauthbearer.token.endpoint.url = null
	security.protocol = PLAINTEXT
	security.providers = null
	send.buffer.bytes = 131072
	socket.connection.setup.timeout.max.ms = 30000
	socket.connection.setup.timeout.ms = 10000
	ssl.cipher.suites = []
	ssl.enabled.protocols = [TLSv1.2, TLSv1.3]
	ssl.endpoint.identification.algorithm = https
	ssl.engine.factory.class = null
	ssl.key.password = null
	ssl.keymanager.algorithm = SunX509
	ssl.keystore.certificate.chain = null
	ssl.keystore.key = null
	ssl.keystore.location = null
	ssl.keystore.password = null
	ssl.keystore.type = JKS
	ssl.protocol = TLSv1.3
	ssl.provider = null
	ssl.secure.random.implementation = null
	ssl.trustmanager.algorithm = PKIX
	ssl.truststore.certificates = null
	ssl.truststore.location = null
	ssl.truststore.password = null
	ssl.truststore.type = JKS
	transaction.timeout.ms = 60000
	transaction.two.phase.commit.enable = false
	transactional.id = null
	value.serializer = class org.apache.kafka.common.serialization.ByteArraySerializer

[main] INFO org.apache.kafka.common.telemetry.internals.KafkaMetricsCollector - initializing Kafka metrics collector
[main] INFO org.apache.kafka.clients.producer.KafkaProducer - [Producer clientId=producer-5] Instantiated an idempotent producer.
[main] INFO org.apache.kafka.common.utils.internals.AppInfoParser - Kafka version: 4.4.0-SNAPSHOT
[main] INFO org.apache.kafka.common.utils.internals.AppInfoParser - Kafka commitId: unknown
[main] INFO org.apache.kafka.common.utils.internals.AppInfoParser - Kafka startTimeMs: 1791479750831
[main] INFO org.apache.kafka.clients.consumer.internals.ClassicKafkaConsumer - [Consumer clientId=consumer-nereus-delay-target-expiry-0f356f3f-4ceb-4c80-b9d5-4f67a74918a8-1, groupId=nereus-delay-target-expiry-0f356f3f-4ceb-4c80-b9d5-4f67a74918a8] Assigned to partition(s): nereus-delay-source-topic-target-worker-scheduled-expiry-network-loss-target-5950c853-796b-4ba8-b203-7969b597ebc6-0
[main] INFO org.apache.kafka.clients.consumer.internals.ClassicKafkaConsumer - [Consumer clientId=consumer-nereus-delay-target-expiry-0f356f3f-4ceb-4c80-b9d5-4f67a74918a8-1, groupId=nereus-delay-target-expiry-0f356f3f-4ceb-4c80-b9d5-4f67a74918a8] Seeking to offset 4 for partition nereus-delay-source-topic-target-worker-scheduled-expiry-network-loss-target-5950c853-796b-4ba8-b203-7969b597ebc6-0
[kafka-producer-network-thread | producer-5] INFO org.apache.kafka.clients.Metadata - [Producer clientId=producer-5] Cluster ID: MkU3OEVBNTcwNTJENDM2Qk
[kafka-producer-network-thread | producer-5] INFO org.apache.kafka.clients.producer.internals.TransactionManager - [Producer clientId=producer-5] ProducerId set to 5 with epoch 0
[main] INFO org.apache.kafka.clients.Metadata - [Consumer clientId=consumer-nereus-delay-target-expiry-0f356f3f-4ceb-4c80-b9d5-4f67a74918a8-1, groupId=nereus-delay-target-expiry-0f356f3f-4ceb-4c80-b9d5-4f67a74918a8] Cluster ID: MkU3OEVBNTcwNTJENDM2Qk
[main] INFO org.apache.kafka.clients.consumer.internals.ConsumerCoordinator - [Consumer clientId=consumer-nereus-delay-target-expiry-0f356f3f-4ceb-4c80-b9d5-4f67a74918a8-1, groupId=nereus-delay-target-expiry-0f356f3f-4ceb-4c80-b9d5-4f67a74918a8] Discovered group coordinator 127.0.0.1:19286 (id: +1 rack: null isFenced: false)
[main] INFO org.apache.kafka.clients.NetworkClient - [Consumer clientId=consumer-nereus-delay-target-expiry-0f356f3f-4ceb-4c80-b9d5-4f67a74918a8-1, groupId=nereus-delay-target-expiry-0f356f3f-4ceb-4c80-b9d5-4f67a74918a8] Node +1 disconnected.
[main] INFO org.apache.kafka.clients.NetworkClient - [Consumer clientId=consumer-nereus-delay-target-expiry-0f356f3f-4ceb-4c80-b9d5-4f67a74918a8-1, groupId=nereus-delay-target-expiry-0f356f3f-4ceb-4c80-b9d5-4f67a74918a8] Cancelled in-flight OFFSET_COMMIT request with correlation id 8 due to node +1 being disconnected (elapsed time since creation: 35ms, elapsed time since send: 28ms, throttle time: 0ms, request timeout: 2000ms)
[main] INFO org.apache.kafka.clients.consumer.internals.ConsumerCoordinator - [Consumer clientId=consumer-nereus-delay-target-expiry-0f356f3f-4ceb-4c80-b9d5-4f67a74918a8-1, groupId=nereus-delay-target-expiry-0f356f3f-4ceb-4c80-b9d5-4f67a74918a8] Group coordinator 127.0.0.1:19286 (id: +1 rack: null isFenced: false) is unavailable or invalid due to cause: null. isDisconnected: true. Rediscovery will be attempted.
[main] INFO org.apache.kafka.clients.consumer.internals.ConsumerCoordinator - [Consumer clientId=consumer-nereus-delay-target-expiry-0f356f3f-4ceb-4c80-b9d5-4f67a74918a8-1, groupId=nereus-delay-target-expiry-0f356f3f-4ceb-4c80-b9d5-4f67a74918a8] Discovered group coordinator 127.0.0.1:19286 (id: +1 rack: null isFenced: false)
[main] INFO org.apache.kafka.clients.NetworkClient - [Consumer clientId=consumer-nereus-delay-target-expiry-0f356f3f-4ceb-4c80-b9d5-4f67a74918a8-1, groupId=nereus-delay-target-expiry-0f356f3f-4ceb-4c80-b9d5-4f67a74918a8] Node +1 disconnected.
[main] INFO org.apache.kafka.clients.NetworkClient - [Consumer clientId=consumer-nereus-delay-target-expiry-0f356f3f-4ceb-4c80-b9d5-4f67a74918a8-1, groupId=nereus-delay-target-expiry-0f356f3f-4ceb-4c80-b9d5-4f67a74918a8] Cancelled in-flight OFFSET_COMMIT request with correlation id 12 due to node +1 being disconnected (elapsed time since creation: 11ms, elapsed time since send: 7ms, throttle time: 0ms, request timeout: 2000ms)
[main] INFO org.apache.kafka.clients.consumer.internals.ConsumerCoordinator - [Consumer clientId=consumer-nereus-delay-target-expiry-0f356f3f-4ceb-4c80-b9d5-4f67a74918a8-1, groupId=nereus-delay-target-expiry-0f356f3f-4ceb-4c80-b9d5-4f67a74918a8] Group coordinator 127.0.0.1:19286 (id: +1 rack: null isFenced: false) is unavailable or invalid due to cause: null. isDisconnected: true. Rediscovery will be attempted.
[main] INFO org.apache.kafka.clients.consumer.internals.ConsumerCoordinator - [Consumer clientId=consumer-nereus-delay-target-expiry-0f356f3f-4ceb-4c80-b9d5-4f67a74918a8-1, groupId=nereus-delay-target-expiry-0f356f3f-4ceb-4c80-b9d5-4f67a74918a8] Discovered group coordinator 127.0.0.1:19286 (id: +1 rack: null isFenced: false)
[main] INFO org.apache.kafka.clients.NetworkClient - [Consumer clientId=consumer-nereus-delay-target-expiry-0f356f3f-4ceb-4c80-b9d5-4f67a74918a8-1, groupId=nereus-delay-target-expiry-0f356f3f-4ceb-4c80-b9d5-4f67a74918a8] Node +1 disconnected.
[main] INFO org.apache.kafka.clients.NetworkClient - [Consumer clientId=consumer-nereus-delay-target-expiry-0f356f3f-4ceb-4c80-b9d5-4f67a74918a8-1, groupId=nereus-delay-target-expiry-0f356f3f-4ceb-4c80-b9d5-4f67a74918a8] Cancelled in-flight OFFSET_COMMIT request with correlation id 16 due to node +1 being disconnected (elapsed time since creation: 9ms, elapsed time since send: 5ms, throttle time: 0ms, request timeout: 2000ms)
[main] INFO org.apache.kafka.clients.consumer.internals.ConsumerCoordinator - [Consumer clientId=consumer-nereus-delay-target-expiry-0f356f3f-4ceb-4c80-b9d5-4f67a74918a8-1, groupId=nereus-delay-target-expiry-0f356f3f-4ceb-4c80-b9d5-4f67a74918a8] Group coordinator 127.0.0.1:19286 (id: +1 rack: null isFenced: false) is unavailable or invalid due to cause: null. isDisconnected: true. Rediscovery will be attempted.
[main] INFO org.apache.kafka.clients.consumer.internals.ConsumerCoordinator - [Consumer clientId=consumer-nereus-delay-target-expiry-0f356f3f-4ceb-4c80-b9d5-4f67a74918a8-1, groupId=nereus-delay-target-expiry-0f356f3f-4ceb-4c80-b9d5-4f67a74918a8] Discovered group coordinator 127.0.0.1:19286 (id: +1 rack: null isFenced: false)
[main] INFO org.apache.kafka.clients.NetworkClient - [Consumer clientId=consumer-nereus-delay-target-expiry-0f356f3f-4ceb-4c80-b9d5-4f67a74918a8-1, groupId=nereus-delay-target-expiry-0f356f3f-4ceb-4c80-b9d5-4f67a74918a8] Node +1 disconnected.
[main] INFO org.apache.kafka.clients.NetworkClient - [Consumer clientId=consumer-nereus-delay-target-expiry-0f356f3f-4ceb-4c80-b9d5-4f67a74918a8-1, groupId=nereus-delay-target-expiry-0f356f3f-4ceb-4c80-b9d5-4f67a74918a8] Cancelled in-flight OFFSET_COMMIT request with correlation id 20 due to node +1 being disconnected (elapsed time since creation: 10ms, elapsed time since send: 5ms, throttle time: 0ms, request timeout: 2000ms)
[main] INFO org.apache.kafka.clients.consumer.internals.ConsumerCoordinator - [Consumer clientId=consumer-nereus-delay-target-expiry-0f356f3f-4ceb-4c80-b9d5-4f67a74918a8-1, groupId=nereus-delay-target-expiry-0f356f3f-4ceb-4c80-b9d5-4f67a74918a8] Group coordinator 127.0.0.1:19286 (id: +1 rack: null isFenced: false) is unavailable or invalid due to cause: null. isDisconnected: true. Rediscovery will be attempted.
[main] INFO org.apache.kafka.clients.consumer.internals.ConsumerCoordinator - [Consumer clientId=consumer-nereus-delay-target-expiry-0f356f3f-4ceb-4c80-b9d5-4f67a74918a8-1, groupId=nereus-delay-target-expiry-0f356f3f-4ceb-4c80-b9d5-4f67a74918a8] Discovered group coordinator 127.0.0.1:19286 (id: +1 rack: null isFenced: false)
[main] INFO org.apache.kafka.clients.NetworkClient - [Consumer clientId=consumer-nereus-delay-target-expiry-0f356f3f-4ceb-4c80-b9d5-4f67a74918a8-1, groupId=nereus-delay-target-expiry-0f356f3f-4ceb-4c80-b9d5-4f67a74918a8] Node +1 disconnected.
[main] INFO org.apache.kafka.clients.NetworkClient - [Consumer clientId=consumer-nereus-delay-target-expiry-0f356f3f-4ceb-4c80-b9d5-4f67a74918a8-1, groupId=nereus-delay-target-expiry-0f356f3f-4ceb-4c80-b9d5-4f67a74918a8] Cancelled in-flight OFFSET_COMMIT request with correlation id 24 due to node +1 being disconnected (elapsed time since creation: 7ms, elapsed time since send: 4ms, throttle time: 0ms, request timeout: 2000ms)
[main] INFO org.apache.kafka.clients.consumer.internals.ConsumerCoordinator - [Consumer clientId=consumer-nereus-delay-target-expiry-0f356f3f-4ceb-4c80-b9d5-4f67a74918a8-1, groupId=nereus-delay-target-expiry-0f356f3f-4ceb-4c80-b9d5-4f67a74918a8] Group coordinator 127.0.0.1:19286 (id: +1 rack: null isFenced: false) is unavailable or invalid due to cause: null. isDisconnected: true. Rediscovery will be attempted.
[main] INFO org.apache.kafka.clients.consumer.internals.ConsumerCoordinator - [Consumer clientId=consumer-nereus-delay-target-expiry-0f356f3f-4ceb-4c80-b9d5-4f67a74918a8-1, groupId=nereus-delay-target-expiry-0f356f3f-4ceb-4c80-b9d5-4f67a74918a8] Discovered group coordinator 127.0.0.1:19286 (id: +1 rack: null isFenced: false)
[main] INFO org.apache.kafka.clients.NetworkClient - [Consumer clientId=consumer-nereus-delay-target-expiry-0f356f3f-4ceb-4c80-b9d5-4f67a74918a8-1, groupId=nereus-delay-target-expiry-0f356f3f-4ceb-4c80-b9d5-4f67a74918a8] Node +1 disconnected.
[main] INFO org.apache.kafka.clients.NetworkClient - [Consumer clientId=consumer-nereus-delay-target-expiry-0f356f3f-4ceb-4c80-b9d5-4f67a74918a8-1, groupId=nereus-delay-target-expiry-0f356f3f-4ceb-4c80-b9d5-4f67a74918a8] Cancelled in-flight OFFSET_COMMIT request with correlation id 28 due to node +1 being disconnected (elapsed time since creation: 9ms, elapsed time since send: 4ms, throttle time: 0ms, request timeout: 2000ms)
[main] INFO org.apache.kafka.clients.consumer.internals.ConsumerCoordinator - [Consumer clientId=consumer-nereus-delay-target-expiry-0f356f3f-4ceb-4c80-b9d5-4f67a74918a8-1, groupId=nereus-delay-target-expiry-0f356f3f-4ceb-4c80-b9d5-4f67a74918a8] Group coordinator 127.0.0.1:19286 (id: +1 rack: null isFenced: false) is unavailable or invalid due to cause: null. isDisconnected: true. Rediscovery will be attempted.
[main] INFO org.apache.kafka.clients.consumer.internals.ConsumerCoordinator - [Consumer clientId=consumer-nereus-delay-target-expiry-0f356f3f-4ceb-4c80-b9d5-4f67a74918a8-1, groupId=nereus-delay-target-expiry-0f356f3f-4ceb-4c80-b9d5-4f67a74918a8] Discovered group coordinator 127.0.0.1:19286 (id: +1 rack: null isFenced: false)
[main] INFO org.apache.kafka.clients.NetworkClient - [Consumer clientId=consumer-nereus-delay-target-expiry-0f356f3f-4ceb-4c80-b9d5-4f67a74918a8-1, groupId=nereus-delay-target-expiry-0f356f3f-4ceb-4c80-b9d5-4f67a74918a8] Node +1 disconnected.
[main] INFO org.apache.kafka.clients.NetworkClient - [Consumer clientId=consumer-nereus-delay-target-expiry-0f356f3f-4ceb-4c80-b9d5-4f67a74918a8-1, groupId=nereus-delay-target-expiry-0f356f3f-4ceb-4c80-b9d5-4f67a74918a8] Cancelled in-flight OFFSET_COMMIT request with correlation id 32 due to node +1 being disconnected (elapsed time since creation: 7ms, elapsed time since send: 4ms, throttle time: 0ms, request timeout: 2000ms)
[main] INFO org.apache.kafka.clients.consumer.internals.ConsumerCoordinator - [Consumer clientId=consumer-nereus-delay-target-expiry-0f356f3f-4ceb-4c80-b9d5-4f67a74918a8-1, groupId=nereus-delay-target-expiry-0f356f3f-4ceb-4c80-b9d5-4f67a74918a8] Group coordinator 127.0.0.1:19286 (id: +1 rack: null isFenced: false) is unavailable or invalid due to cause: null. isDisconnected: true. Rediscovery will be attempted.
[main] INFO org.apache.kafka.clients.consumer.internals.ConsumerCoordinator - [Consumer clientId=consumer-nereus-delay-target-expiry-0f356f3f-4ceb-4c80-b9d5-4f67a74918a8-1, groupId=nereus-delay-target-expiry-0f356f3f-4ceb-4c80-b9d5-4f67a74918a8] Discovered group coordinator 127.0.0.1:19286 (id: +1 rack: null isFenced: false)
Kafka Target scheduled EXPIRE_GENERATION TCP ACK-loss recovery passed: Broker committed offset 4 before response loss; same Host retried only ACK without another Store mutation.
Kafka Target automatic scheduled-Message expiry passed: Schedule was persisted at offset 3, Host discovered Message 01619fd3fb951f4ecbaced4792eda0396b0000000001a11c839f367a14b2ce7185360230f36d1df943, and generated EXPIRE_GENERATION offset 4 terminalized it with Store/group frontiers 4/5. Grant, membership, Owner, signing and time authorities are explicit test fixtures. expiryAuthorityResolutions=1.
[main] INFO org.apache.kafka.clients.producer.KafkaProducer - [Producer clientId=producer-5] Closing the Kafka producer with timeoutMillis = 9223372036854775807 ms.
[main] INFO org.apache.kafka.common.metrics.Metrics - Metrics scheduler closed
[main] INFO org.apache.kafka.common.metrics.Metrics - Closing reporter org.apache.kafka.common.metrics.JmxReporter
[main] INFO org.apache.kafka.common.metrics.Metrics - Closing reporter org.apache.kafka.common.telemetry.internals.ClientTelemetryReporter
[main] INFO org.apache.kafka.common.metrics.Metrics - Metrics reporters closed
[main] INFO org.apache.kafka.common.utils.internals.AppInfoParser - App info kafka.producer for producer-5 unregistered
[main] INFO org.apache.kafka.clients.producer.KafkaProducer - [Producer clientId=producer-5] Closing the Kafka producer with timeoutMillis = 9223372036854775807 ms.
[main] INFO org.apache.kafka.common.metrics.Metrics - Metrics scheduler closed
[main] INFO org.apache.kafka.common.metrics.Metrics - Closing reporter org.apache.kafka.common.metrics.JmxReporter
[main] INFO org.apache.kafka.common.metrics.Metrics - Closing reporter org.apache.kafka.common.telemetry.internals.ClientTelemetryReporter
[main] INFO org.apache.kafka.common.metrics.Metrics - Metrics reporters closed
[main] INFO org.apache.kafka.common.utils.internals.AppInfoParser - App info kafka.producer for producer-5 unregistered
[main] INFO org.apache.kafka.clients.consumer.internals.ConsumerCoordinator - [Consumer clientId=consumer-nereus-delay-target-expiry-0f356f3f-4ceb-4c80-b9d5-4f67a74918a8-1, groupId=nereus-delay-target-expiry-0f356f3f-4ceb-4c80-b9d5-4f67a74918a8] Resetting generation and member id due to: consumer pro-actively leaving the group
[main] INFO org.apache.kafka.clients.consumer.internals.ConsumerCoordinator - [Consumer clientId=consumer-nereus-delay-target-expiry-0f356f3f-4ceb-4c80-b9d5-4f67a74918a8-1, groupId=nereus-delay-target-expiry-0f356f3f-4ceb-4c80-b9d5-4f67a74918a8] Request joining group due to: consumer pro-actively leaving the group
[main] INFO org.apache.kafka.common.metrics.Metrics - Metrics scheduler closed
[main] INFO org.apache.kafka.common.metrics.Metrics - Closing reporter org.apache.kafka.common.metrics.JmxReporter
[main] INFO org.apache.kafka.common.metrics.Metrics - Closing reporter org.apache.kafka.common.telemetry.internals.ClientTelemetryReporter
[main] INFO org.apache.kafka.common.metrics.Metrics - Metrics reporters closed
[main] INFO org.apache.kafka.common.utils.internals.AppInfoParser - App info kafka.consumer for consumer-nereus-delay-target-expiry-0f356f3f-4ceb-4c80-b9d5-4f67a74918a8-1 unregistered
[main] INFO org.apache.kafka.common.metrics.Metrics - Metrics scheduler closed
[main] INFO org.apache.kafka.common.metrics.Metrics - Closing reporter org.apache.kafka.common.metrics.JmxReporter
[main] INFO org.apache.kafka.common.metrics.Metrics - Metrics reporters closed
[kafka-admin-client-thread | adminclient-1] INFO org.apache.kafka.common.utils.internals.AppInfoParser - App info kafka.admin.client for adminclient-1 unregistered
[kafka-admin-client-thread | adminclient-1] INFO org.apache.kafka.common.metrics.Metrics - Metrics scheduler closed
[kafka-admin-client-thread | adminclient-1] INFO org.apache.kafka.common.metrics.Metrics - Closing reporter org.apache.kafka.common.metrics.JmxReporter
[kafka-admin-client-thread | adminclient-1] INFO org.apache.kafka.common.metrics.Metrics - Metrics reporters closed

BUILD SUCCESSFUL in 22s
13 actionable tasks: 2 executed, 11 up-to-date
Consider enabling configuration cache to speed up this build: https://docs.gradle.org/9.4.1/userguide/configuration_cache_enabling.html
To honour the JVM settings for this build a single-use Daemon process will be forked. For more on this, please refer to https://docs.gradle.org/9.4.1/userguide/gradle_daemon.html#sec:disabling_the_daemon in the Gradle documentation.
Daemon will be stopped at the end of the build
> Task :protobufDummy UP-TO-DATE
> Task :extractIncludeProto UP-TO-DATE
> Task :extractProto UP-TO-DATE
> Task :generateProto UP-TO-DATE
> Task :compileJava UP-TO-DATE
> Task :generateRunningArtifactIdentity
> Task :processProtoResources UP-TO-DATE
> Task :processResources UP-TO-DATE
> Task :classes UP-TO-DATE
> Task :extractIncludeRealKafkaProto UP-TO-DATE
> Task :extractRealKafkaProto UP-TO-DATE
> Task :generateRealKafkaProto NO-SOURCE
> Task :compileRealKafka UP-TO-DATE
> Task :compileRealKafkaJava SKIPPED
> Task :processRealKafkaProtoResources UP-TO-DATE
> Task :processRealKafkaResources UP-TO-DATE
> Task :realKafkaClasses UP-TO-DATE

> Task :runRealKafkaOffsetCommitResponseLossProxy
Kafka OffsetCommit response-loss proxy stopped after dropping 7 Broker response(s)

BUILD SUCCESSFUL in 37s
13 actionable tasks: 2 executed, 11 up-to-date
Consider enabling configuration cache to speed up this build: https://docs.gradle.org/9.4.1/userguide/configuration_cache_enabling.html
To honour the JVM settings for this build a single-use Daemon process will be forked. For more on this, please refer to https://docs.gradle.org/9.4.1/userguide/gradle_daemon.html#sec:disabling_the_daemon in the Gradle documentation.
Daemon will be stopped at the end of the build
> Task :protobufDummy UP-TO-DATE
> Task :extractIncludeProto UP-TO-DATE
> Task :extractProto UP-TO-DATE
> Task :generateProto UP-TO-DATE
> Task :compileJava UP-TO-DATE
> Task :generateRunningArtifactIdentity
> Task :processProtoResources UP-TO-DATE
> Task :processResources UP-TO-DATE
> Task :classes UP-TO-DATE
> Task :extractIncludeRealKafkaProto UP-TO-DATE
> Task :extractRealKafkaProto UP-TO-DATE
> Task :generateRealKafkaProto NO-SOURCE
> Task :compileRealKafka UP-TO-DATE
> Task :compileRealKafkaJava SKIPPED
> Task :processRealKafkaProtoResources UP-TO-DATE
> Task :processRealKafkaResources UP-TO-DATE
> Task :realKafkaClasses UP-TO-DATE

> Task :runRealKafkaTargetWorkerSourceSmoke
[main] INFO org.apache.kafka.common.config.AbstractConfig - AdminClientConfig values:
	bootstrap.controllers = []
	bootstrap.servers = [127.0.0.1:19286, 127.0.0.1:19287, 127.0.0.1:19288]
	client.dns.lookup = use_all_dns_ips
	client.id =
	config.providers = []
	connections.max.idle.ms = 300000
	default.api.timeout.ms = 60000
	enable.metrics.push = false
	metadata.cluster.check.enable = true
	metadata.max.age.ms = 300000
	metadata.recovery.rebootstrap.trigger.ms = 300000
	metadata.recovery.strategy = rebootstrap
	metric.reporters = [org.apache.kafka.common.metrics.JmxReporter]
	metrics.num.samples = 2
	metrics.recording.level = INFO
	metrics.sample.window.ms = 30000
	receive.buffer.bytes = 65536
	reconnect.backoff.max.ms = 1000
	reconnect.backoff.ms = 50
	request.timeout.ms = 10000
	retries = 2147483647
	retry.backoff.max.ms = 1000
	retry.backoff.ms = 100
	sasl.client.callback.handler.class = null
	sasl.jaas.config = null
	sasl.kerberos.kinit.cmd = /usr/bin/kinit
	sasl.kerberos.min.time.before.relogin = 60000
	sasl.kerberos.service.name = null
	sasl.kerberos.ticket.renew.jitter = 0.05
	sasl.kerberos.ticket.renew.window.factor = 0.8
	sasl.login.callback.handler.class = null
	sasl.login.class = null
	sasl.login.connect.timeout.ms = null
	sasl.login.read.timeout.ms = null
	sasl.login.refresh.buffer.seconds = 300
	sasl.login.refresh.min.period.seconds = 60
	sasl.login.refresh.window.factor = 0.8
	sasl.login.refresh.window.jitter = 0.05
	sasl.login.retry.backoff.max.ms = 10000
	sasl.login.retry.backoff.ms = 100
	sasl.mechanism = GSSAPI
	sasl.oauthbearer.allow.unverified.audience = false
	sasl.oauthbearer.allow.unverified.issuer = false
	sasl.oauthbearer.assertion.algorithm = RS256
	sasl.oauthbearer.assertion.claim.aud = null
	sasl.oauthbearer.assertion.claim.exp.seconds = 300
	sasl.oauthbearer.assertion.claim.iss = null
	sasl.oauthbearer.assertion.claim.jti.include = false
	sasl.oauthbearer.assertion.claim.nbf.seconds = 60
	sasl.oauthbearer.assertion.claim.sub = null
	sasl.oauthbearer.assertion.file = null
	sasl.oauthbearer.assertion.private.key.file = null
	sasl.oauthbearer.assertion.private.key.passphrase = null
	sasl.oauthbearer.assertion.template.file = null
	sasl.oauthbearer.client.credentials.client.id = null
	sasl.oauthbearer.client.credentials.client.secret = null
	sasl.oauthbearer.clock.skew.seconds = 30
	sasl.oauthbearer.expected.audience = []
	sasl.oauthbearer.expected.issuer = null
	sasl.oauthbearer.header.urlencode = false
	sasl.oauthbearer.jwks.endpoint.refresh.ms = 3600000
	sasl.oauthbearer.jwks.endpoint.retry.backoff.max.ms = 10000
	sasl.oauthbearer.jwks.endpoint.retry.backoff.ms = 100
	sasl.oauthbearer.jwks.endpoint.url = null
	sasl.oauthbearer.jwt.retriever.class = class org.apache.kafka.common.security.oauthbearer.DefaultJwtRetriever
	sasl.oauthbearer.jwt.validator.class = class org.apache.kafka.common.security.oauthbearer.DefaultJwtValidator
	sasl.oauthbearer.scope = null
	sasl.oauthbearer.scope.claim.name = scope
	sasl.oauthbearer.sub.claim.name = sub
	sasl.oauthbearer.token.endpoint.url = null
	security.protocol = PLAINTEXT
	security.providers = null
	send.buffer.bytes = 131072
	socket.connection.setup.timeout.max.ms = 30000
	socket.connection.setup.timeout.ms = 10000
	ssl.cipher.suites = []
	ssl.enabled.protocols = [TLSv1.2, TLSv1.3]
	ssl.endpoint.identification.algorithm = https
	ssl.engine.factory.class = null
	ssl.key.password = null
	ssl.keymanager.algorithm = SunX509
	ssl.keystore.certificate.chain = null
	ssl.keystore.key = null
	ssl.keystore.location = null
	ssl.keystore.password = null
	ssl.keystore.type = JKS
	ssl.protocol = TLSv1.3
	ssl.provider = null
	ssl.secure.random.implementation = null
	ssl.trustmanager.algorithm = PKIX
	ssl.truststore.certificates = null
	ssl.truststore.location = null
	ssl.truststore.password = null
	ssl.truststore.type = JKS

[main] INFO org.apache.kafka.common.utils.internals.AppInfoParser - Kafka version: 4.4.0-SNAPSHOT
[main] INFO org.apache.kafka.common.utils.internals.AppInfoParser - Kafka commitId: unknown
[main] INFO org.apache.kafka.common.utils.internals.AppInfoParser - Kafka startTimeMs: 1791479787548
[main] INFO org.apache.kafka.common.config.AbstractConfig - ProducerConfig values:
	acks = -1
	batch.size = 16384
	bootstrap.servers = [127.0.0.1:19286, 127.0.0.1:19287, 127.0.0.1:19288]
	buffer.memory = 33554432
	client.dns.lookup = use_all_dns_ips
	client.id = producer-1
	client.rack =
	compression.gzip.level = -1
	compression.lz4.level = 9
	compression.type = none
	compression.zstd.level = 3
	config.providers = []
	connections.max.idle.ms = 540000
	delivery.timeout.ms = 120000
	enable.idempotence = true
	enable.metrics.push = true
	interceptor.classes = []
	key.serializer = class org.apache.kafka.common.serialization.ByteArraySerializer
	linger.ms = 5
	max.block.ms = 60000
	max.in.flight.requests.per.connection = 5
	max.request.size = 1048576
	metadata.cluster.check.enable = true
	metadata.max.age.ms = 300000
	metadata.max.idle.ms = 300000
	metadata.recovery.rebootstrap.trigger.ms = 300000
	metadata.recovery.strategy = rebootstrap
	metric.reporters = [org.apache.kafka.common.metrics.JmxReporter]
	metrics.num.samples = 2
	metrics.recording.level = INFO
	metrics.sample.window.ms = 30000
	partitioner.adaptive.partitioning.enable = true
	partitioner.availability.timeout.ms = 0
	partitioner.class = null
	partitioner.ignore.keys = false
	partitioner.rack.aware = false
	receive.buffer.bytes = 32768
	reconnect.backoff.max.ms = 1000
	reconnect.backoff.ms = 50
	request.timeout.ms = 30000
	retries = 2147483647
	retry.backoff.max.ms = 1000
	retry.backoff.ms = 100
	sasl.client.callback.handler.class = null
	sasl.jaas.config = null
	sasl.kerberos.kinit.cmd = /usr/bin/kinit
	sasl.kerberos.min.time.before.relogin = 60000
	sasl.kerberos.service.name = null
	sasl.kerberos.ticket.renew.jitter = 0.05
	sasl.kerberos.ticket.renew.window.factor = 0.8
	sasl.login.callback.handler.class = null
	sasl.login.class = null
	sasl.login.connect.timeout.ms = null
	sasl.login.read.timeout.ms = null
	sasl.login.refresh.buffer.seconds = 300
	sasl.login.refresh.min.period.seconds = 60
	sasl.login.refresh.window.factor = 0.8
	sasl.login.refresh.window.jitter = 0.05
	sasl.login.retry.backoff.max.ms = 10000
	sasl.login.retry.backoff.ms = 100
	sasl.mechanism = GSSAPI
	sasl.oauthbearer.allow.unverified.audience = false
	sasl.oauthbearer.allow.unverified.issuer = false
	sasl.oauthbearer.assertion.algorithm = RS256
	sasl.oauthbearer.assertion.claim.aud = null
	sasl.oauthbearer.assertion.claim.exp.seconds = 300
	sasl.oauthbearer.assertion.claim.iss = null
	sasl.oauthbearer.assertion.claim.jti.include = false
	sasl.oauthbearer.assertion.claim.nbf.seconds = 60
	sasl.oauthbearer.assertion.claim.sub = null
	sasl.oauthbearer.assertion.file = null
	sasl.oauthbearer.assertion.private.key.file = null
	sasl.oauthbearer.assertion.private.key.passphrase = null
	sasl.oauthbearer.assertion.template.file = null
	sasl.oauthbearer.client.credentials.client.id = null
	sasl.oauthbearer.client.credentials.client.secret = null
	sasl.oauthbearer.clock.skew.seconds = 30
	sasl.oauthbearer.expected.audience = []
	sasl.oauthbearer.expected.issuer = null
	sasl.oauthbearer.header.urlencode = false
	sasl.oauthbearer.jwks.endpoint.refresh.ms = 3600000
	sasl.oauthbearer.jwks.endpoint.retry.backoff.max.ms = 10000
	sasl.oauthbearer.jwks.endpoint.retry.backoff.ms = 100
	sasl.oauthbearer.jwks.endpoint.url = null
	sasl.oauthbearer.jwt.retriever.class = class org.apache.kafka.common.security.oauthbearer.DefaultJwtRetriever
	sasl.oauthbearer.jwt.validator.class = class org.apache.kafka.common.security.oauthbearer.DefaultJwtValidator
	sasl.oauthbearer.scope = null
	sasl.oauthbearer.scope.claim.name = scope
	sasl.oauthbearer.sub.claim.name = sub
	sasl.oauthbearer.token.endpoint.url = null
	security.protocol = PLAINTEXT
	security.providers = null
	send.buffer.bytes = 131072
	socket.connection.setup.timeout.max.ms = 30000
	socket.connection.setup.timeout.ms = 10000
	ssl.cipher.suites = []
	ssl.enabled.protocols = [TLSv1.2, TLSv1.3]
	ssl.endpoint.identification.algorithm = https
	ssl.engine.factory.class = null
	ssl.key.password = null
	ssl.keymanager.algorithm = SunX509
	ssl.keystore.certificate.chain = null
	ssl.keystore.key = null
	ssl.keystore.location = null
	ssl.keystore.password = null
	ssl.keystore.type = JKS
	ssl.protocol = TLSv1.3
	ssl.provider = null
	ssl.secure.random.implementation = null
	ssl.trustmanager.algorithm = PKIX
	ssl.truststore.certificates = null
	ssl.truststore.location = null
	ssl.truststore.password = null
	ssl.truststore.type = JKS
	transaction.timeout.ms = 60000
	transaction.two.phase.commit.enable = false
	transactional.id = null
	value.serializer = class org.apache.kafka.common.serialization.ByteArraySerializer

[main] INFO org.apache.kafka.common.telemetry.internals.KafkaMetricsCollector - initializing Kafka metrics collector
[main] INFO org.apache.kafka.clients.producer.KafkaProducer - [Producer clientId=producer-1] Instantiated an idempotent producer.
[main] INFO org.apache.kafka.common.utils.internals.AppInfoParser - Kafka version: 4.4.0-SNAPSHOT
[main] INFO org.apache.kafka.common.utils.internals.AppInfoParser - Kafka commitId: unknown
[main] INFO org.apache.kafka.common.utils.internals.AppInfoParser - Kafka startTimeMs: 1791479787864
[kafka-producer-network-thread | producer-1] INFO org.apache.kafka.clients.Metadata - [Producer clientId=producer-1] Cluster ID: MkU3OEVBNTcwNTJENDM2Qk
[kafka-producer-network-thread | producer-1] INFO org.apache.kafka.clients.producer.internals.TransactionManager - [Producer clientId=producer-1] ProducerId set to 1004 with epoch 0
[main] INFO org.apache.kafka.clients.producer.KafkaProducer - [Producer clientId=producer-1] Closing the Kafka producer with timeoutMillis = 9223372036854775807 ms.
[main] INFO org.apache.kafka.common.metrics.Metrics - Metrics scheduler closed
[main] INFO org.apache.kafka.common.metrics.Metrics - Closing reporter org.apache.kafka.common.metrics.JmxReporter
[main] INFO org.apache.kafka.common.metrics.Metrics - Closing reporter org.apache.kafka.common.telemetry.internals.ClientTelemetryReporter
[main] INFO org.apache.kafka.common.metrics.Metrics - Metrics reporters closed
[main] INFO org.apache.kafka.common.utils.internals.AppInfoParser - App info kafka.producer for producer-1 unregistered
[main] INFO org.apache.kafka.common.config.AbstractConfig - ProducerConfig values:
	acks = -1
	batch.size = 16384
	bootstrap.servers = [127.0.0.1:19286, 127.0.0.1:19287, 127.0.0.1:19288]
	buffer.memory = 33554432
	client.dns.lookup = use_all_dns_ips
	client.id = producer-2
	client.rack =
	compression.gzip.level = -1
	compression.lz4.level = 9
	compression.type = none
	compression.zstd.level = 3
	config.providers = []
	connections.max.idle.ms = 540000
	delivery.timeout.ms = 120000
	enable.idempotence = true
	enable.metrics.push = true
	interceptor.classes = []
	key.serializer = class org.apache.kafka.common.serialization.ByteArraySerializer
	linger.ms = 5
	max.block.ms = 60000
	max.in.flight.requests.per.connection = 5
	max.request.size = 1048576
	metadata.cluster.check.enable = true
	metadata.max.age.ms = 300000
	metadata.max.idle.ms = 300000
	metadata.recovery.rebootstrap.trigger.ms = 300000
	metadata.recovery.strategy = rebootstrap
	metric.reporters = [org.apache.kafka.common.metrics.JmxReporter]
	metrics.num.samples = 2
	metrics.recording.level = INFO
	metrics.sample.window.ms = 30000
	partitioner.adaptive.partitioning.enable = true
	partitioner.availability.timeout.ms = 0
	partitioner.class = null
	partitioner.ignore.keys = false
	partitioner.rack.aware = false
	receive.buffer.bytes = 32768
	reconnect.backoff.max.ms = 1000
	reconnect.backoff.ms = 50
	request.timeout.ms = 30000
	retries = 2147483647
	retry.backoff.max.ms = 1000
	retry.backoff.ms = 100
	sasl.client.callback.handler.class = null
	sasl.jaas.config = null
	sasl.kerberos.kinit.cmd = /usr/bin/kinit
	sasl.kerberos.min.time.before.relogin = 60000
	sasl.kerberos.service.name = null
	sasl.kerberos.ticket.renew.jitter = 0.05
	sasl.kerberos.ticket.renew.window.factor = 0.8
	sasl.login.callback.handler.class = null
	sasl.login.class = null
	sasl.login.connect.timeout.ms = null
	sasl.login.read.timeout.ms = null
	sasl.login.refresh.buffer.seconds = 300
	sasl.login.refresh.min.period.seconds = 60
	sasl.login.refresh.window.factor = 0.8
	sasl.login.refresh.window.jitter = 0.05
	sasl.login.retry.backoff.max.ms = 10000
	sasl.login.retry.backoff.ms = 100
	sasl.mechanism = GSSAPI
	sasl.oauthbearer.allow.unverified.audience = false
	sasl.oauthbearer.allow.unverified.issuer = false
	sasl.oauthbearer.assertion.algorithm = RS256
	sasl.oauthbearer.assertion.claim.aud = null
	sasl.oauthbearer.assertion.claim.exp.seconds = 300
	sasl.oauthbearer.assertion.claim.iss = null
	sasl.oauthbearer.assertion.claim.jti.include = false
	sasl.oauthbearer.assertion.claim.nbf.seconds = 60
	sasl.oauthbearer.assertion.claim.sub = null
	sasl.oauthbearer.assertion.file = null
	sasl.oauthbearer.assertion.private.key.file = null
	sasl.oauthbearer.assertion.private.key.passphrase = null
	sasl.oauthbearer.assertion.template.file = null
	sasl.oauthbearer.client.credentials.client.id = null
	sasl.oauthbearer.client.credentials.client.secret = null
	sasl.oauthbearer.clock.skew.seconds = 30
	sasl.oauthbearer.expected.audience = []
	sasl.oauthbearer.expected.issuer = null
	sasl.oauthbearer.header.urlencode = false
	sasl.oauthbearer.jwks.endpoint.refresh.ms = 3600000
	sasl.oauthbearer.jwks.endpoint.retry.backoff.max.ms = 10000
	sasl.oauthbearer.jwks.endpoint.retry.backoff.ms = 100
	sasl.oauthbearer.jwks.endpoint.url = null
	sasl.oauthbearer.jwt.retriever.class = class org.apache.kafka.common.security.oauthbearer.DefaultJwtRetriever
	sasl.oauthbearer.jwt.validator.class = class org.apache.kafka.common.security.oauthbearer.DefaultJwtValidator
	sasl.oauthbearer.scope = null
	sasl.oauthbearer.scope.claim.name = scope
	sasl.oauthbearer.sub.claim.name = sub
	sasl.oauthbearer.token.endpoint.url = null
	security.protocol = PLAINTEXT
	security.providers = null
	send.buffer.bytes = 131072
	socket.connection.setup.timeout.max.ms = 30000
	socket.connection.setup.timeout.ms = 10000
	ssl.cipher.suites = []
	ssl.enabled.protocols = [TLSv1.2, TLSv1.3]
	ssl.endpoint.identification.algorithm = https
	ssl.engine.factory.class = null
	ssl.key.password = null
	ssl.keymanager.algorithm = SunX509
	ssl.keystore.certificate.chain = null
	ssl.keystore.key = null
	ssl.keystore.location = null
	ssl.keystore.password = null
	ssl.keystore.type = JKS
	ssl.protocol = TLSv1.3
	ssl.provider = null
	ssl.secure.random.implementation = null
	ssl.trustmanager.algorithm = PKIX
	ssl.truststore.certificates = null
	ssl.truststore.location = null
	ssl.truststore.password = null
	ssl.truststore.type = JKS
	transaction.timeout.ms = 60000
	transaction.two.phase.commit.enable = false
	transactional.id = null
	value.serializer = class org.apache.kafka.common.serialization.ByteArraySerializer

[main] INFO org.apache.kafka.common.telemetry.internals.KafkaMetricsCollector - initializing Kafka metrics collector
[main] INFO org.apache.kafka.clients.producer.KafkaProducer - [Producer clientId=producer-2] Instantiated an idempotent producer.
[main] INFO org.apache.kafka.common.utils.internals.AppInfoParser - Kafka version: 4.4.0-SNAPSHOT
[main] INFO org.apache.kafka.common.utils.internals.AppInfoParser - Kafka commitId: unknown
[main] INFO org.apache.kafka.common.utils.internals.AppInfoParser - Kafka startTimeMs: 1791479787921
[kafka-producer-network-thread | producer-2] INFO org.apache.kafka.clients.Metadata - [Producer clientId=producer-2] Cluster ID: MkU3OEVBNTcwNTJENDM2Qk
[kafka-producer-network-thread | producer-2] INFO org.apache.kafka.clients.producer.internals.TransactionManager - [Producer clientId=producer-2] ProducerId set to 1005 with epoch 0
[main] INFO org.apache.kafka.clients.producer.KafkaProducer - [Producer clientId=producer-2] Closing the Kafka producer with timeoutMillis = 9223372036854775807 ms.
[main] INFO org.apache.kafka.common.metrics.Metrics - Metrics scheduler closed
[main] INFO org.apache.kafka.common.metrics.Metrics - Closing reporter org.apache.kafka.common.metrics.JmxReporter
[main] INFO org.apache.kafka.common.metrics.Metrics - Closing reporter org.apache.kafka.common.telemetry.internals.ClientTelemetryReporter
[main] INFO org.apache.kafka.common.metrics.Metrics - Metrics reporters closed
[main] INFO org.apache.kafka.common.utils.internals.AppInfoParser - App info kafka.producer for producer-2 unregistered
[main] INFO org.apache.kafka.common.config.AbstractConfig - ProducerConfig values:
	acks = -1
	batch.size = 16384
	bootstrap.servers = [127.0.0.1:19286, 127.0.0.1:19287, 127.0.0.1:19288]
	buffer.memory = 33554432
	client.dns.lookup = use_all_dns_ips
	client.id = producer-3
	client.rack =
	compression.gzip.level = -1
	compression.lz4.level = 9
	compression.type = none
	compression.zstd.level = 3
	config.providers = []
	connections.max.idle.ms = 540000
	delivery.timeout.ms = 120000
	enable.idempotence = true
	enable.metrics.push = true
	interceptor.classes = []
	key.serializer = class org.apache.kafka.common.serialization.ByteArraySerializer
	linger.ms = 5
	max.block.ms = 60000
	max.in.flight.requests.per.connection = 5
	max.request.size = 1048576
	metadata.cluster.check.enable = true
	metadata.max.age.ms = 300000
	metadata.max.idle.ms = 300000
	metadata.recovery.rebootstrap.trigger.ms = 300000
	metadata.recovery.strategy = rebootstrap
	metric.reporters = [org.apache.kafka.common.metrics.JmxReporter]
	metrics.num.samples = 2
	metrics.recording.level = INFO
	metrics.sample.window.ms = 30000
	partitioner.adaptive.partitioning.enable = true
	partitioner.availability.timeout.ms = 0
	partitioner.class = null
	partitioner.ignore.keys = false
	partitioner.rack.aware = false
	receive.buffer.bytes = 32768
	reconnect.backoff.max.ms = 1000
	reconnect.backoff.ms = 50
	request.timeout.ms = 30000
	retries = 2147483647
	retry.backoff.max.ms = 1000
	retry.backoff.ms = 100
	sasl.client.callback.handler.class = null
	sasl.jaas.config = null
	sasl.kerberos.kinit.cmd = /usr/bin/kinit
	sasl.kerberos.min.time.before.relogin = 60000
	sasl.kerberos.service.name = null
	sasl.kerberos.ticket.renew.jitter = 0.05
	sasl.kerberos.ticket.renew.window.factor = 0.8
	sasl.login.callback.handler.class = null
	sasl.login.class = null
	sasl.login.connect.timeout.ms = null
	sasl.login.read.timeout.ms = null
	sasl.login.refresh.buffer.seconds = 300
	sasl.login.refresh.min.period.seconds = 60
	sasl.login.refresh.window.factor = 0.8
	sasl.login.refresh.window.jitter = 0.05
	sasl.login.retry.backoff.max.ms = 10000
	sasl.login.retry.backoff.ms = 100
	sasl.mechanism = GSSAPI
	sasl.oauthbearer.allow.unverified.audience = false
	sasl.oauthbearer.allow.unverified.issuer = false
	sasl.oauthbearer.assertion.algorithm = RS256
	sasl.oauthbearer.assertion.claim.aud = null
	sasl.oauthbearer.assertion.claim.exp.seconds = 300
	sasl.oauthbearer.assertion.claim.iss = null
	sasl.oauthbearer.assertion.claim.jti.include = false
	sasl.oauthbearer.assertion.claim.nbf.seconds = 60
	sasl.oauthbearer.assertion.claim.sub = null
	sasl.oauthbearer.assertion.file = null
	sasl.oauthbearer.assertion.private.key.file = null
	sasl.oauthbearer.assertion.private.key.passphrase = null
	sasl.oauthbearer.assertion.template.file = null
	sasl.oauthbearer.client.credentials.client.id = null
	sasl.oauthbearer.client.credentials.client.secret = null
	sasl.oauthbearer.clock.skew.seconds = 30
	sasl.oauthbearer.expected.audience = []
	sasl.oauthbearer.expected.issuer = null
	sasl.oauthbearer.header.urlencode = false
	sasl.oauthbearer.jwks.endpoint.refresh.ms = 3600000
	sasl.oauthbearer.jwks.endpoint.retry.backoff.max.ms = 10000
	sasl.oauthbearer.jwks.endpoint.retry.backoff.ms = 100
	sasl.oauthbearer.jwks.endpoint.url = null
	sasl.oauthbearer.jwt.retriever.class = class org.apache.kafka.common.security.oauthbearer.DefaultJwtRetriever
	sasl.oauthbearer.jwt.validator.class = class org.apache.kafka.common.security.oauthbearer.DefaultJwtValidator
	sasl.oauthbearer.scope = null
	sasl.oauthbearer.scope.claim.name = scope
	sasl.oauthbearer.sub.claim.name = sub
	sasl.oauthbearer.token.endpoint.url = null
	security.protocol = PLAINTEXT
	security.providers = null
	send.buffer.bytes = 131072
	socket.connection.setup.timeout.max.ms = 30000
	socket.connection.setup.timeout.ms = 10000
	ssl.cipher.suites = []
	ssl.enabled.protocols = [TLSv1.2, TLSv1.3]
	ssl.endpoint.identification.algorithm = https
	ssl.engine.factory.class = null
	ssl.key.password = null
	ssl.keymanager.algorithm = SunX509
	ssl.keystore.certificate.chain = null
	ssl.keystore.key = null
	ssl.keystore.location = null
	ssl.keystore.password = null
	ssl.keystore.type = JKS
	ssl.protocol = TLSv1.3
	ssl.provider = null
	ssl.secure.random.implementation = null
	ssl.trustmanager.algorithm = PKIX
	ssl.truststore.certificates = null
	ssl.truststore.location = null
	ssl.truststore.password = null
	ssl.truststore.type = JKS
	transaction.timeout.ms = 60000
	transaction.two.phase.commit.enable = false
	transactional.id = null
	value.serializer = class org.apache.kafka.common.serialization.ByteArraySerializer

[main] INFO org.apache.kafka.common.telemetry.internals.KafkaMetricsCollector - initializing Kafka metrics collector
[main] INFO org.apache.kafka.clients.producer.KafkaProducer - [Producer clientId=producer-3] Instantiated an idempotent producer.
[main] INFO org.apache.kafka.common.utils.internals.AppInfoParser - Kafka version: 4.4.0-SNAPSHOT
[main] INFO org.apache.kafka.common.utils.internals.AppInfoParser - Kafka commitId: unknown
[main] INFO org.apache.kafka.common.utils.internals.AppInfoParser - Kafka startTimeMs: 1791479787954
[kafka-producer-network-thread | producer-3] INFO org.apache.kafka.clients.Metadata - [Producer clientId=producer-3] Cluster ID: MkU3OEVBNTcwNTJENDM2Qk
[kafka-producer-network-thread | producer-3] INFO org.apache.kafka.clients.producer.internals.TransactionManager - [Producer clientId=producer-3] ProducerId set to 6 with epoch 0
[main] INFO org.apache.kafka.clients.producer.KafkaProducer - [Producer clientId=producer-3] Closing the Kafka producer with timeoutMillis = 9223372036854775807 ms.
[main] INFO org.apache.kafka.common.metrics.Metrics - Metrics scheduler closed
[main] INFO org.apache.kafka.common.metrics.Metrics - Closing reporter org.apache.kafka.common.metrics.JmxReporter
[main] INFO org.apache.kafka.common.metrics.Metrics - Closing reporter org.apache.kafka.common.telemetry.internals.ClientTelemetryReporter
[main] INFO org.apache.kafka.common.metrics.Metrics - Metrics reporters closed
[main] INFO org.apache.kafka.common.utils.internals.AppInfoParser - App info kafka.producer for producer-3 unregistered
[main] INFO org.apache.kafka.common.config.AbstractConfig - ProducerConfig values:
	acks = -1
	batch.size = 16384
	bootstrap.servers = [127.0.0.1:19286, 127.0.0.1:19287, 127.0.0.1:19288]
	buffer.memory = 33554432
	client.dns.lookup = use_all_dns_ips
	client.id = producer-4
	client.rack =
	compression.gzip.level = -1
	compression.lz4.level = 9
	compression.type = none
	compression.zstd.level = 3
	config.providers = []
	connections.max.idle.ms = 540000
	delivery.timeout.ms = 120000
	enable.idempotence = true
	enable.metrics.push = true
	interceptor.classes = []
	key.serializer = class org.apache.kafka.common.serialization.ByteArraySerializer
	linger.ms = 5
	max.block.ms = 60000
	max.in.flight.requests.per.connection = 5
	max.request.size = 1048576
	metadata.cluster.check.enable = true
	metadata.max.age.ms = 300000
	metadata.max.idle.ms = 300000
	metadata.recovery.rebootstrap.trigger.ms = 300000
	metadata.recovery.strategy = rebootstrap
	metric.reporters = [org.apache.kafka.common.metrics.JmxReporter]
	metrics.num.samples = 2
	metrics.recording.level = INFO
	metrics.sample.window.ms = 30000
	partitioner.adaptive.partitioning.enable = true
	partitioner.availability.timeout.ms = 0
	partitioner.class = null
	partitioner.ignore.keys = false
	partitioner.rack.aware = false
	receive.buffer.bytes = 32768
	reconnect.backoff.max.ms = 1000
	reconnect.backoff.ms = 50
	request.timeout.ms = 30000
	retries = 2147483647
	retry.backoff.max.ms = 1000
	retry.backoff.ms = 100
	sasl.client.callback.handler.class = null
	sasl.jaas.config = null
	sasl.kerberos.kinit.cmd = /usr/bin/kinit
	sasl.kerberos.min.time.before.relogin = 60000
	sasl.kerberos.service.name = null
	sasl.kerberos.ticket.renew.jitter = 0.05
	sasl.kerberos.ticket.renew.window.factor = 0.8
	sasl.login.callback.handler.class = null
	sasl.login.class = null
	sasl.login.connect.timeout.ms = null
	sasl.login.read.timeout.ms = null
	sasl.login.refresh.buffer.seconds = 300
	sasl.login.refresh.min.period.seconds = 60
	sasl.login.refresh.window.factor = 0.8
	sasl.login.refresh.window.jitter = 0.05
	sasl.login.retry.backoff.max.ms = 10000
	sasl.login.retry.backoff.ms = 100
	sasl.mechanism = GSSAPI
	sasl.oauthbearer.allow.unverified.audience = false
	sasl.oauthbearer.allow.unverified.issuer = false
	sasl.oauthbearer.assertion.algorithm = RS256
	sasl.oauthbearer.assertion.claim.aud = null
	sasl.oauthbearer.assertion.claim.exp.seconds = 300
	sasl.oauthbearer.assertion.claim.iss = null
	sasl.oauthbearer.assertion.claim.jti.include = false
	sasl.oauthbearer.assertion.claim.nbf.seconds = 60
	sasl.oauthbearer.assertion.claim.sub = null
	sasl.oauthbearer.assertion.file = null
	sasl.oauthbearer.assertion.private.key.file = null
	sasl.oauthbearer.assertion.private.key.passphrase = null
	sasl.oauthbearer.assertion.template.file = null
	sasl.oauthbearer.client.credentials.client.id = null
	sasl.oauthbearer.client.credentials.client.secret = null
	sasl.oauthbearer.clock.skew.seconds = 30
	sasl.oauthbearer.expected.audience = []
	sasl.oauthbearer.expected.issuer = null
	sasl.oauthbearer.header.urlencode = false
	sasl.oauthbearer.jwks.endpoint.refresh.ms = 3600000
	sasl.oauthbearer.jwks.endpoint.retry.backoff.max.ms = 10000
	sasl.oauthbearer.jwks.endpoint.retry.backoff.ms = 100
	sasl.oauthbearer.jwks.endpoint.url = null
	sasl.oauthbearer.jwt.retriever.class = class org.apache.kafka.common.security.oauthbearer.DefaultJwtRetriever
	sasl.oauthbearer.jwt.validator.class = class org.apache.kafka.common.security.oauthbearer.DefaultJwtValidator
	sasl.oauthbearer.scope = null
	sasl.oauthbearer.scope.claim.name = scope
	sasl.oauthbearer.sub.claim.name = sub
	sasl.oauthbearer.token.endpoint.url = null
	security.protocol = PLAINTEXT
	security.providers = null
	send.buffer.bytes = 131072
	socket.connection.setup.timeout.max.ms = 30000
	socket.connection.setup.timeout.ms = 10000
	ssl.cipher.suites = []
	ssl.enabled.protocols = [TLSv1.2, TLSv1.3]
	ssl.endpoint.identification.algorithm = https
	ssl.engine.factory.class = null
	ssl.key.password = null
	ssl.keymanager.algorithm = SunX509
	ssl.keystore.certificate.chain = null
	ssl.keystore.key = null
	ssl.keystore.location = null
	ssl.keystore.password = null
	ssl.keystore.type = JKS
	ssl.protocol = TLSv1.3
	ssl.provider = null
	ssl.secure.random.implementation = null
	ssl.trustmanager.algorithm = PKIX
	ssl.truststore.certificates = null
	ssl.truststore.location = null
	ssl.truststore.password = null
	ssl.truststore.type = JKS
	transaction.timeout.ms = 60000
	transaction.two.phase.commit.enable = false
	transactional.id = null
	value.serializer = class org.apache.kafka.common.serialization.ByteArraySerializer

[main] INFO org.apache.kafka.common.telemetry.internals.KafkaMetricsCollector - initializing Kafka metrics collector
[main] INFO org.apache.kafka.clients.producer.KafkaProducer - [Producer clientId=producer-4] Instantiated an idempotent producer.
[main] INFO org.apache.kafka.common.utils.internals.AppInfoParser - Kafka version: 4.4.0-SNAPSHOT
[main] INFO org.apache.kafka.common.utils.internals.AppInfoParser - Kafka commitId: unknown
[main] INFO org.apache.kafka.common.utils.internals.AppInfoParser - Kafka startTimeMs: 1791479787983
[kafka-producer-network-thread | producer-4] INFO org.apache.kafka.clients.Metadata - [Producer clientId=producer-4] Cluster ID: MkU3OEVBNTcwNTJENDM2Qk
[kafka-producer-network-thread | producer-4] INFO org.apache.kafka.clients.producer.internals.TransactionManager - [Producer clientId=producer-4] ProducerId set to 2003 with epoch 0
[main] INFO org.apache.kafka.clients.producer.KafkaProducer - [Producer clientId=producer-4] Closing the Kafka producer with timeoutMillis = 9223372036854775807 ms.
[main] INFO org.apache.kafka.common.metrics.Metrics - Metrics scheduler closed
[main] INFO org.apache.kafka.common.metrics.Metrics - Closing reporter org.apache.kafka.common.metrics.JmxReporter
[main] INFO org.apache.kafka.common.metrics.Metrics - Closing reporter org.apache.kafka.common.telemetry.internals.ClientTelemetryReporter
[main] INFO org.apache.kafka.common.metrics.Metrics - Metrics reporters closed
[main] INFO org.apache.kafka.common.utils.internals.AppInfoParser - App info kafka.producer for producer-4 unregistered
[main] INFO org.apache.kafka.common.config.AbstractConfig - ProducerConfig values:
	acks = -1
	batch.size = 16384
	bootstrap.servers = [127.0.0.1:19286, 127.0.0.1:19287, 127.0.0.1:19288]
	buffer.memory = 33554432
	client.dns.lookup = use_all_dns_ips
	client.id = producer-5
	client.rack =
	compression.gzip.level = -1
	compression.lz4.level = 9
	compression.type = none
	compression.zstd.level = 3
	config.providers = []
	connections.max.idle.ms = 540000
	delivery.timeout.ms = 120000
	enable.idempotence = true
	enable.metrics.push = true
	interceptor.classes = []
	key.serializer = class org.apache.kafka.common.serialization.ByteArraySerializer
	linger.ms = 5
	max.block.ms = 60000
	max.in.flight.requests.per.connection = 5
	max.request.size = 1048576
	metadata.cluster.check.enable = true
	metadata.max.age.ms = 300000
	metadata.max.idle.ms = 300000
	metadata.recovery.rebootstrap.trigger.ms = 300000
	metadata.recovery.strategy = rebootstrap
	metric.reporters = [org.apache.kafka.common.metrics.JmxReporter]
	metrics.num.samples = 2
	metrics.recording.level = INFO
	metrics.sample.window.ms = 30000
	partitioner.adaptive.partitioning.enable = true
	partitioner.availability.timeout.ms = 0
	partitioner.class = null
	partitioner.ignore.keys = false
	partitioner.rack.aware = false
	receive.buffer.bytes = 32768
	reconnect.backoff.max.ms = 1000
	reconnect.backoff.ms = 50
	request.timeout.ms = 30000
	retries = 2147483647
	retry.backoff.max.ms = 1000
	retry.backoff.ms = 100
	sasl.client.callback.handler.class = null
	sasl.jaas.config = null
	sasl.kerberos.kinit.cmd = /usr/bin/kinit
	sasl.kerberos.min.time.before.relogin = 60000
	sasl.kerberos.service.name = null
	sasl.kerberos.ticket.renew.jitter = 0.05
	sasl.kerberos.ticket.renew.window.factor = 0.8
	sasl.login.callback.handler.class = null
	sasl.login.class = null
	sasl.login.connect.timeout.ms = null
	sasl.login.read.timeout.ms = null
	sasl.login.refresh.buffer.seconds = 300
	sasl.login.refresh.min.period.seconds = 60
	sasl.login.refresh.window.factor = 0.8
	sasl.login.refresh.window.jitter = 0.05
	sasl.login.retry.backoff.max.ms = 10000
	sasl.login.retry.backoff.ms = 100
	sasl.mechanism = GSSAPI
	sasl.oauthbearer.allow.unverified.audience = false
	sasl.oauthbearer.allow.unverified.issuer = false
	sasl.oauthbearer.assertion.algorithm = RS256
	sasl.oauthbearer.assertion.claim.aud = null
	sasl.oauthbearer.assertion.claim.exp.seconds = 300
	sasl.oauthbearer.assertion.claim.iss = null
	sasl.oauthbearer.assertion.claim.jti.include = false
	sasl.oauthbearer.assertion.claim.nbf.seconds = 60
	sasl.oauthbearer.assertion.claim.sub = null
	sasl.oauthbearer.assertion.file = null
	sasl.oauthbearer.assertion.private.key.file = null
	sasl.oauthbearer.assertion.private.key.passphrase = null
	sasl.oauthbearer.assertion.template.file = null
	sasl.oauthbearer.client.credentials.client.id = null
	sasl.oauthbearer.client.credentials.client.secret = null
	sasl.oauthbearer.clock.skew.seconds = 30
	sasl.oauthbearer.expected.audience = []
	sasl.oauthbearer.expected.issuer = null
	sasl.oauthbearer.header.urlencode = false
	sasl.oauthbearer.jwks.endpoint.refresh.ms = 3600000
	sasl.oauthbearer.jwks.endpoint.retry.backoff.max.ms = 10000
	sasl.oauthbearer.jwks.endpoint.retry.backoff.ms = 100
	sasl.oauthbearer.jwks.endpoint.url = null
	sasl.oauthbearer.jwt.retriever.class = class org.apache.kafka.common.security.oauthbearer.DefaultJwtRetriever
	sasl.oauthbearer.jwt.validator.class = class org.apache.kafka.common.security.oauthbearer.DefaultJwtValidator
	sasl.oauthbearer.scope = null
	sasl.oauthbearer.scope.claim.name = scope
	sasl.oauthbearer.sub.claim.name = sub
	sasl.oauthbearer.token.endpoint.url = null
	security.protocol = PLAINTEXT
	security.providers = null
	send.buffer.bytes = 131072
	socket.connection.setup.timeout.max.ms = 30000
	socket.connection.setup.timeout.ms = 10000
	ssl.cipher.suites = []
	ssl.enabled.protocols = [TLSv1.2, TLSv1.3]
	ssl.endpoint.identification.algorithm = https
	ssl.engine.factory.class = null
	ssl.key.password = null
	ssl.keymanager.algorithm = SunX509
	ssl.keystore.certificate.chain = null
	ssl.keystore.key = null
	ssl.keystore.location = null
	ssl.keystore.password = null
	ssl.keystore.type = JKS
	ssl.protocol = TLSv1.3
	ssl.provider = null
	ssl.secure.random.implementation = null
	ssl.trustmanager.algorithm = PKIX
	ssl.truststore.certificates = null
	ssl.truststore.location = null
	ssl.truststore.password = null
	ssl.truststore.type = JKS
	transaction.timeout.ms = 60000
	transaction.two.phase.commit.enable = false
	transactional.id = null
	value.serializer = class org.apache.kafka.common.serialization.ByteArraySerializer

[main] INFO org.apache.kafka.common.telemetry.internals.KafkaMetricsCollector - initializing Kafka metrics collector
[main] INFO org.apache.kafka.clients.producer.KafkaProducer - [Producer clientId=producer-5] Instantiated an idempotent producer.
[main] INFO org.apache.kafka.common.utils.internals.AppInfoParser - Kafka version: 4.4.0-SNAPSHOT
[main] INFO org.apache.kafka.common.utils.internals.AppInfoParser - Kafka commitId: unknown
[main] INFO org.apache.kafka.common.utils.internals.AppInfoParser - Kafka startTimeMs: 1791479788343
[kafka-producer-network-thread | producer-5] INFO org.apache.kafka.clients.Metadata - [Producer clientId=producer-5] Cluster ID: MkU3OEVBNTcwNTJENDM2Qk
[kafka-producer-network-thread | producer-5] INFO org.apache.kafka.clients.producer.internals.TransactionManager - [Producer clientId=producer-5] ProducerId set to 2004 with epoch 0
[main] INFO org.apache.kafka.clients.producer.KafkaProducer - [Producer clientId=producer-5] Closing the Kafka producer with timeoutMillis = 9223372036854775807 ms.
[main] INFO org.apache.kafka.common.metrics.Metrics - Metrics scheduler closed
[main] INFO org.apache.kafka.common.metrics.Metrics - Closing reporter org.apache.kafka.common.metrics.JmxReporter
[main] INFO org.apache.kafka.common.metrics.Metrics - Closing reporter org.apache.kafka.common.telemetry.internals.ClientTelemetryReporter
[main] INFO org.apache.kafka.common.metrics.Metrics - Metrics reporters closed
[main] INFO org.apache.kafka.common.utils.internals.AppInfoParser - App info kafka.producer for producer-5 unregistered
[main] INFO org.apache.kafka.common.config.AbstractConfig - ConsumerConfig values:
	allow.auto.create.topics = true
	auto.commit.interval.ms = 5000
	auto.offset.reset = earliest
	bootstrap.servers = [127.0.0.1:19286, 127.0.0.1:19287, 127.0.0.1:19288]
	check.crcs = true
	client.dns.lookup = use_all_dns_ips
	client.id = consumer-nereus-delay-target-expiry-dadc6493-5dd8-41c0-bf22-1b88ba515e69-1
	client.rack =
	config.providers = []
	connections.max.idle.ms = 540000
	default.api.timeout.ms = 5000
	enable.auto.commit = false
	enable.metrics.push = true
	exclude.internal.topics = true
	fetch.max.bytes = 52428800
	fetch.max.wait.ms = 500
	fetch.min.bytes = 1
	group.id = nereus-delay-target-expiry-dadc6493-5dd8-41c0-bf22-1b88ba515e69
	group.instance.id = null
	group.protocol = classic
	group.remote.assignor = null
	heartbeat.interval.ms = 3000
	interceptor.classes = []
	internal.throw.on.fetch.stable.offset.unsupported = false
	isolation.level = read_uncommitted
	key.deserializer = class org.apache.kafka.common.serialization.ByteArrayDeserializer
	max.partition.fetch.bytes = 1048576
	max.poll.interval.ms = 300000
	max.poll.records = 500
	metadata.cluster.check.enable = true
	metadata.max.age.ms = 300000
	metadata.recovery.rebootstrap.trigger.ms = 300000
	metadata.recovery.strategy = rebootstrap
	metric.reporters = [org.apache.kafka.common.metrics.JmxReporter]
	metrics.num.samples = 2
	metrics.recording.level = INFO
	metrics.sample.window.ms = 30000
	partition.assignment.strategy = [class org.apache.kafka.clients.consumer.RangeAssignor, class org.apache.kafka.clients.consumer.CooperativeStickyAssignor]
	receive.buffer.bytes = 65536
	reconnect.backoff.max.ms = 1000
	reconnect.backoff.ms = 50
	request.timeout.ms = 2000
	retry.backoff.max.ms = 1000
	retry.backoff.ms = 100
	sasl.client.callback.handler.class = null
	sasl.jaas.config = null
	sasl.kerberos.kinit.cmd = /usr/bin/kinit
	sasl.kerberos.min.time.before.relogin = 60000
	sasl.kerberos.service.name = null
	sasl.kerberos.ticket.renew.jitter = 0.05
	sasl.kerberos.ticket.renew.window.factor = 0.8
	sasl.login.callback.handler.class = null
	sasl.login.class = null
	sasl.login.connect.timeout.ms = null
	sasl.login.read.timeout.ms = null
	sasl.login.refresh.buffer.seconds = 300
	sasl.login.refresh.min.period.seconds = 60
	sasl.login.refresh.window.factor = 0.8
	sasl.login.refresh.window.jitter = 0.05
	sasl.login.retry.backoff.max.ms = 10000
	sasl.login.retry.backoff.ms = 100
	sasl.mechanism = GSSAPI
	sasl.oauthbearer.allow.unverified.audience = false
	sasl.oauthbearer.allow.unverified.issuer = false
	sasl.oauthbearer.assertion.algorithm = RS256
	sasl.oauthbearer.assertion.claim.aud = null
	sasl.oauthbearer.assertion.claim.exp.seconds = 300
	sasl.oauthbearer.assertion.claim.iss = null
	sasl.oauthbearer.assertion.claim.jti.include = false
	sasl.oauthbearer.assertion.claim.nbf.seconds = 60
	sasl.oauthbearer.assertion.claim.sub = null
	sasl.oauthbearer.assertion.file = null
	sasl.oauthbearer.assertion.private.key.file = null
	sasl.oauthbearer.assertion.private.key.passphrase = null
	sasl.oauthbearer.assertion.template.file = null
	sasl.oauthbearer.client.credentials.client.id = null
	sasl.oauthbearer.client.credentials.client.secret = null
	sasl.oauthbearer.clock.skew.seconds = 30
	sasl.oauthbearer.expected.audience = []
	sasl.oauthbearer.expected.issuer = null
	sasl.oauthbearer.header.urlencode = false
	sasl.oauthbearer.jwks.endpoint.refresh.ms = 3600000
	sasl.oauthbearer.jwks.endpoint.retry.backoff.max.ms = 10000
	sasl.oauthbearer.jwks.endpoint.retry.backoff.ms = 100
	sasl.oauthbearer.jwks.endpoint.url = null
	sasl.oauthbearer.jwt.retriever.class = class org.apache.kafka.common.security.oauthbearer.DefaultJwtRetriever
	sasl.oauthbearer.jwt.validator.class = class org.apache.kafka.common.security.oauthbearer.DefaultJwtValidator
	sasl.oauthbearer.scope = null
	sasl.oauthbearer.scope.claim.name = scope
	sasl.oauthbearer.sub.claim.name = sub
	sasl.oauthbearer.token.endpoint.url = null
	security.protocol = PLAINTEXT
	security.providers = null
	send.buffer.bytes = 131072
	session.timeout.ms = 45000
	share.acknowledgement.mode = implicit
	share.acquire.mode = BATCH_OPTIMIZED
	socket.connection.setup.timeout.max.ms = 30000
	socket.connection.setup.timeout.ms = 10000
	ssl.cipher.suites = []
	ssl.enabled.protocols = [TLSv1.2, TLSv1.3]
	ssl.endpoint.identification.algorithm = https
	ssl.engine.factory.class = null
	ssl.key.password = null
	ssl.keymanager.algorithm = SunX509
	ssl.keystore.certificate.chain = null
	ssl.keystore.key = null
	ssl.keystore.location = null
	ssl.keystore.password = null
	ssl.keystore.type = JKS
	ssl.protocol = TLSv1.3
	ssl.provider = null
	ssl.secure.random.implementation = null
	ssl.trustmanager.algorithm = PKIX
	ssl.truststore.certificates = null
	ssl.truststore.location = null
	ssl.truststore.password = null
	ssl.truststore.type = JKS
	value.deserializer = class org.apache.kafka.common.serialization.ByteArrayDeserializer

[main] INFO org.apache.kafka.common.telemetry.internals.KafkaMetricsCollector - initializing Kafka metrics collector
[main] INFO org.apache.kafka.clients.consumer.internals.ClassicKafkaConsumer - [Consumer clientId=consumer-nereus-delay-target-expiry-dadc6493-5dd8-41c0-bf22-1b88ba515e69-1, groupId=nereus-delay-target-expiry-dadc6493-5dd8-41c0-bf22-1b88ba515e69]
****************************************************************
* The consumer rebalance protocol (KIP-848) is production-ready!
* Set the consumer configuration group.protocol=consumer to try it out.
* See https://kafka.apache.org/documentation/#consumer_rebalance_protocol
****************************************************************
[main] INFO org.apache.kafka.common.utils.internals.AppInfoParser - Kafka version: 4.4.0-SNAPSHOT
[main] INFO org.apache.kafka.common.utils.internals.AppInfoParser - Kafka commitId: unknown
[main] INFO org.apache.kafka.common.utils.internals.AppInfoParser - Kafka startTimeMs: 1791479788397
[main] INFO org.apache.kafka.common.config.AbstractConfig - ProducerConfig values:
	acks = -1
	batch.size = 16384
	bootstrap.servers = [127.0.0.1:19286, 127.0.0.1:19287, 127.0.0.1:19288]
	buffer.memory = 33554432
	client.dns.lookup = use_all_dns_ips
	client.id = producer-6
	client.rack =
	compression.gzip.level = -1
	compression.lz4.level = 9
	compression.type = none
	compression.zstd.level = 3
	config.providers = []
	connections.max.idle.ms = 540000
	delivery.timeout.ms = 120000
	enable.idempotence = true
	enable.metrics.push = true
	interceptor.classes = []
	key.serializer = class org.apache.kafka.common.serialization.ByteArraySerializer
	linger.ms = 5
	max.block.ms = 60000
	max.in.flight.requests.per.connection = 5
	max.request.size = 1048576
	metadata.cluster.check.enable = true
	metadata.max.age.ms = 300000
	metadata.max.idle.ms = 300000
	metadata.recovery.rebootstrap.trigger.ms = 300000
	metadata.recovery.strategy = rebootstrap
	metric.reporters = [org.apache.kafka.common.metrics.JmxReporter]
	metrics.num.samples = 2
	metrics.recording.level = INFO
	metrics.sample.window.ms = 30000
	partitioner.adaptive.partitioning.enable = true
	partitioner.availability.timeout.ms = 0
	partitioner.class = null
	partitioner.ignore.keys = false
	partitioner.rack.aware = false
	receive.buffer.bytes = 32768
	reconnect.backoff.max.ms = 1000
	reconnect.backoff.ms = 50
	request.timeout.ms = 30000
	retries = 2147483647
	retry.backoff.max.ms = 1000
	retry.backoff.ms = 100
	sasl.client.callback.handler.class = null
	sasl.jaas.config = null
	sasl.kerberos.kinit.cmd = /usr/bin/kinit
	sasl.kerberos.min.time.before.relogin = 60000
	sasl.kerberos.service.name = null
	sasl.kerberos.ticket.renew.jitter = 0.05
	sasl.kerberos.ticket.renew.window.factor = 0.8
	sasl.login.callback.handler.class = null
	sasl.login.class = null
	sasl.login.connect.timeout.ms = null
	sasl.login.read.timeout.ms = null
	sasl.login.refresh.buffer.seconds = 300
	sasl.login.refresh.min.period.seconds = 60
	sasl.login.refresh.window.factor = 0.8
	sasl.login.refresh.window.jitter = 0.05
	sasl.login.retry.backoff.max.ms = 10000
	sasl.login.retry.backoff.ms = 100
	sasl.mechanism = GSSAPI
	sasl.oauthbearer.allow.unverified.audience = false
	sasl.oauthbearer.allow.unverified.issuer = false
	sasl.oauthbearer.assertion.algorithm = RS256
	sasl.oauthbearer.assertion.claim.aud = null
	sasl.oauthbearer.assertion.claim.exp.seconds = 300
	sasl.oauthbearer.assertion.claim.iss = null
	sasl.oauthbearer.assertion.claim.jti.include = false
	sasl.oauthbearer.assertion.claim.nbf.seconds = 60
	sasl.oauthbearer.assertion.claim.sub = null
	sasl.oauthbearer.assertion.file = null
	sasl.oauthbearer.assertion.private.key.file = null
	sasl.oauthbearer.assertion.private.key.passphrase = null
	sasl.oauthbearer.assertion.template.file = null
	sasl.oauthbearer.client.credentials.client.id = null
	sasl.oauthbearer.client.credentials.client.secret = null
	sasl.oauthbearer.clock.skew.seconds = 30
	sasl.oauthbearer.expected.audience = []
	sasl.oauthbearer.expected.issuer = null
	sasl.oauthbearer.header.urlencode = false
	sasl.oauthbearer.jwks.endpoint.refresh.ms = 3600000
	sasl.oauthbearer.jwks.endpoint.retry.backoff.max.ms = 10000
	sasl.oauthbearer.jwks.endpoint.retry.backoff.ms = 100
	sasl.oauthbearer.jwks.endpoint.url = null
	sasl.oauthbearer.jwt.retriever.class = class org.apache.kafka.common.security.oauthbearer.DefaultJwtRetriever
	sasl.oauthbearer.jwt.validator.class = class org.apache.kafka.common.security.oauthbearer.DefaultJwtValidator
	sasl.oauthbearer.scope = null
	sasl.oauthbearer.scope.claim.name = scope
	sasl.oauthbearer.sub.claim.name = sub
	sasl.oauthbearer.token.endpoint.url = null
	security.protocol = PLAINTEXT
	security.providers = null
	send.buffer.bytes = 131072
	socket.connection.setup.timeout.max.ms = 30000
	socket.connection.setup.timeout.ms = 10000
	ssl.cipher.suites = []
	ssl.enabled.protocols = [TLSv1.2, TLSv1.3]
	ssl.endpoint.identification.algorithm = https
	ssl.engine.factory.class = null
	ssl.key.password = null
	ssl.keymanager.algorithm = SunX509
	ssl.keystore.certificate.chain = null
	ssl.keystore.key = null
	ssl.keystore.location = null
	ssl.keystore.password = null
	ssl.keystore.type = JKS
	ssl.protocol = TLSv1.3
	ssl.provider = null
	ssl.secure.random.implementation = null
	ssl.trustmanager.algorithm = PKIX
	ssl.truststore.certificates = null
	ssl.truststore.location = null
	ssl.truststore.password = null
	ssl.truststore.type = JKS
	transaction.timeout.ms = 60000
	transaction.two.phase.commit.enable = false
	transactional.id = null
	value.serializer = class org.apache.kafka.common.serialization.ByteArraySerializer

[main] INFO org.apache.kafka.common.telemetry.internals.KafkaMetricsCollector - initializing Kafka metrics collector
[main] INFO org.apache.kafka.clients.producer.KafkaProducer - [Producer clientId=producer-6] Instantiated an idempotent producer.
[main] INFO org.apache.kafka.common.utils.internals.AppInfoParser - Kafka version: 4.4.0-SNAPSHOT
[main] INFO org.apache.kafka.common.utils.internals.AppInfoParser - Kafka commitId: unknown
[main] INFO org.apache.kafka.common.utils.internals.AppInfoParser - Kafka startTimeMs: 1791479788399
[main] INFO org.apache.kafka.clients.consumer.internals.ClassicKafkaConsumer - [Consumer clientId=consumer-nereus-delay-target-expiry-dadc6493-5dd8-41c0-bf22-1b88ba515e69-1, groupId=nereus-delay-target-expiry-dadc6493-5dd8-41c0-bf22-1b88ba515e69] Assigned to partition(s): nereus-delay-source-topic-target-worker-publish-admission-network-loss-target-2642e17b-17c5-41f3-bf95-7896704fef94-0
[main] INFO org.apache.kafka.clients.consumer.internals.ClassicKafkaConsumer - [Consumer clientId=consumer-nereus-delay-target-expiry-dadc6493-5dd8-41c0-bf22-1b88ba515e69-1, groupId=nereus-delay-target-expiry-dadc6493-5dd8-41c0-bf22-1b88ba515e69] Seeking to offset 4 for partition nereus-delay-source-topic-target-worker-publish-admission-network-loss-target-2642e17b-17c5-41f3-bf95-7896704fef94-0
[kafka-producer-network-thread | producer-6] INFO org.apache.kafka.clients.Metadata - [Producer clientId=producer-6] Cluster ID: MkU3OEVBNTcwNTJENDM2Qk
[kafka-producer-network-thread | producer-6] INFO org.apache.kafka.clients.producer.internals.TransactionManager - [Producer clientId=producer-6] ProducerId set to 7 with epoch 0
[main] INFO org.apache.kafka.clients.Metadata - [Consumer clientId=consumer-nereus-delay-target-expiry-dadc6493-5dd8-41c0-bf22-1b88ba515e69-1, groupId=nereus-delay-target-expiry-dadc6493-5dd8-41c0-bf22-1b88ba515e69] Cluster ID: MkU3OEVBNTcwNTJENDM2Qk
[main] INFO org.apache.kafka.clients.consumer.internals.ConsumerCoordinator - [Consumer clientId=consumer-nereus-delay-target-expiry-dadc6493-5dd8-41c0-bf22-1b88ba515e69-1, groupId=nereus-delay-target-expiry-dadc6493-5dd8-41c0-bf22-1b88ba515e69] Discovered group coordinator 127.0.0.1:19286 (id: +1 rack: null isFenced: false)
[main] INFO org.apache.kafka.clients.NetworkClient - [Consumer clientId=consumer-nereus-delay-target-expiry-dadc6493-5dd8-41c0-bf22-1b88ba515e69-1, groupId=nereus-delay-target-expiry-dadc6493-5dd8-41c0-bf22-1b88ba515e69] Node +1 disconnected.
[main] INFO org.apache.kafka.clients.NetworkClient - [Consumer clientId=consumer-nereus-delay-target-expiry-dadc6493-5dd8-41c0-bf22-1b88ba515e69-1, groupId=nereus-delay-target-expiry-dadc6493-5dd8-41c0-bf22-1b88ba515e69] Cancelled in-flight OFFSET_COMMIT request with correlation id 8 due to node +1 being disconnected (elapsed time since creation: 16ms, elapsed time since send: 12ms, throttle time: 0ms, request timeout: 2000ms)
[main] INFO org.apache.kafka.clients.consumer.internals.ConsumerCoordinator - [Consumer clientId=consumer-nereus-delay-target-expiry-dadc6493-5dd8-41c0-bf22-1b88ba515e69-1, groupId=nereus-delay-target-expiry-dadc6493-5dd8-41c0-bf22-1b88ba515e69] Group coordinator 127.0.0.1:19286 (id: +1 rack: null isFenced: false) is unavailable or invalid due to cause: null. isDisconnected: true. Rediscovery will be attempted.
[main] INFO org.apache.kafka.clients.consumer.internals.ConsumerCoordinator - [Consumer clientId=consumer-nereus-delay-target-expiry-dadc6493-5dd8-41c0-bf22-1b88ba515e69-1, groupId=nereus-delay-target-expiry-dadc6493-5dd8-41c0-bf22-1b88ba515e69] Discovered group coordinator 127.0.0.1:19286 (id: +1 rack: null isFenced: false)
[main] INFO org.apache.kafka.clients.NetworkClient - [Consumer clientId=consumer-nereus-delay-target-expiry-dadc6493-5dd8-41c0-bf22-1b88ba515e69-1, groupId=nereus-delay-target-expiry-dadc6493-5dd8-41c0-bf22-1b88ba515e69] Node +1 disconnected.
[main] INFO org.apache.kafka.clients.NetworkClient - [Consumer clientId=consumer-nereus-delay-target-expiry-dadc6493-5dd8-41c0-bf22-1b88ba515e69-1, groupId=nereus-delay-target-expiry-dadc6493-5dd8-41c0-bf22-1b88ba515e69] Cancelled in-flight OFFSET_COMMIT request with correlation id 12 due to node +1 being disconnected (elapsed time since creation: 12ms, elapsed time since send: 8ms, throttle time: 0ms, request timeout: 2000ms)
[main] INFO org.apache.kafka.clients.consumer.internals.ConsumerCoordinator - [Consumer clientId=consumer-nereus-delay-target-expiry-dadc6493-5dd8-41c0-bf22-1b88ba515e69-1, groupId=nereus-delay-target-expiry-dadc6493-5dd8-41c0-bf22-1b88ba515e69] Group coordinator 127.0.0.1:19286 (id: +1 rack: null isFenced: false) is unavailable or invalid due to cause: null. isDisconnected: true. Rediscovery will be attempted.
[main] INFO org.apache.kafka.clients.consumer.internals.ConsumerCoordinator - [Consumer clientId=consumer-nereus-delay-target-expiry-dadc6493-5dd8-41c0-bf22-1b88ba515e69-1, groupId=nereus-delay-target-expiry-dadc6493-5dd8-41c0-bf22-1b88ba515e69] Discovered group coordinator 127.0.0.1:19286 (id: +1 rack: null isFenced: false)
[main] INFO org.apache.kafka.clients.NetworkClient - [Consumer clientId=consumer-nereus-delay-target-expiry-dadc6493-5dd8-41c0-bf22-1b88ba515e69-1, groupId=nereus-delay-target-expiry-dadc6493-5dd8-41c0-bf22-1b88ba515e69] Node +1 disconnected.
[main] INFO org.apache.kafka.clients.NetworkClient - [Consumer clientId=consumer-nereus-delay-target-expiry-dadc6493-5dd8-41c0-bf22-1b88ba515e69-1, groupId=nereus-delay-target-expiry-dadc6493-5dd8-41c0-bf22-1b88ba515e69] Cancelled in-flight OFFSET_COMMIT request with correlation id 16 due to node +1 being disconnected (elapsed time since creation: 9ms, elapsed time since send: 5ms, throttle time: 0ms, request timeout: 2000ms)
[main] INFO org.apache.kafka.clients.consumer.internals.ConsumerCoordinator - [Consumer clientId=consumer-nereus-delay-target-expiry-dadc6493-5dd8-41c0-bf22-1b88ba515e69-1, groupId=nereus-delay-target-expiry-dadc6493-5dd8-41c0-bf22-1b88ba515e69] Group coordinator 127.0.0.1:19286 (id: +1 rack: null isFenced: false) is unavailable or invalid due to cause: null. isDisconnected: true. Rediscovery will be attempted.
[main] INFO org.apache.kafka.clients.consumer.internals.ConsumerCoordinator - [Consumer clientId=consumer-nereus-delay-target-expiry-dadc6493-5dd8-41c0-bf22-1b88ba515e69-1, groupId=nereus-delay-target-expiry-dadc6493-5dd8-41c0-bf22-1b88ba515e69] Discovered group coordinator 127.0.0.1:19286 (id: +1 rack: null isFenced: false)
[main] INFO org.apache.kafka.clients.NetworkClient - [Consumer clientId=consumer-nereus-delay-target-expiry-dadc6493-5dd8-41c0-bf22-1b88ba515e69-1, groupId=nereus-delay-target-expiry-dadc6493-5dd8-41c0-bf22-1b88ba515e69] Node +1 disconnected.
[main] INFO org.apache.kafka.clients.NetworkClient - [Consumer clientId=consumer-nereus-delay-target-expiry-dadc6493-5dd8-41c0-bf22-1b88ba515e69-1, groupId=nereus-delay-target-expiry-dadc6493-5dd8-41c0-bf22-1b88ba515e69] Cancelled in-flight OFFSET_COMMIT request with correlation id 20 due to node +1 being disconnected (elapsed time since creation: 10ms, elapsed time since send: 7ms, throttle time: 0ms, request timeout: 2000ms)
[main] INFO org.apache.kafka.clients.consumer.internals.ConsumerCoordinator - [Consumer clientId=consumer-nereus-delay-target-expiry-dadc6493-5dd8-41c0-bf22-1b88ba515e69-1, groupId=nereus-delay-target-expiry-dadc6493-5dd8-41c0-bf22-1b88ba515e69] Group coordinator 127.0.0.1:19286 (id: +1 rack: null isFenced: false) is unavailable or invalid due to cause: null. isDisconnected: true. Rediscovery will be attempted.
[main] INFO org.apache.kafka.clients.consumer.internals.ConsumerCoordinator - [Consumer clientId=consumer-nereus-delay-target-expiry-dadc6493-5dd8-41c0-bf22-1b88ba515e69-1, groupId=nereus-delay-target-expiry-dadc6493-5dd8-41c0-bf22-1b88ba515e69] Discovered group coordinator 127.0.0.1:19286 (id: +1 rack: null isFenced: false)
[main] INFO org.apache.kafka.clients.NetworkClient - [Consumer clientId=consumer-nereus-delay-target-expiry-dadc6493-5dd8-41c0-bf22-1b88ba515e69-1, groupId=nereus-delay-target-expiry-dadc6493-5dd8-41c0-bf22-1b88ba515e69] Node +1 disconnected.
[main] INFO org.apache.kafka.clients.NetworkClient - [Consumer clientId=consumer-nereus-delay-target-expiry-dadc6493-5dd8-41c0-bf22-1b88ba515e69-1, groupId=nereus-delay-target-expiry-dadc6493-5dd8-41c0-bf22-1b88ba515e69] Cancelled in-flight OFFSET_COMMIT request with correlation id 24 due to node +1 being disconnected (elapsed time since creation: 7ms, elapsed time since send: 4ms, throttle time: 0ms, request timeout: 2000ms)
[main] INFO org.apache.kafka.clients.consumer.internals.ConsumerCoordinator - [Consumer clientId=consumer-nereus-delay-target-expiry-dadc6493-5dd8-41c0-bf22-1b88ba515e69-1, groupId=nereus-delay-target-expiry-dadc6493-5dd8-41c0-bf22-1b88ba515e69] Group coordinator 127.0.0.1:19286 (id: +1 rack: null isFenced: false) is unavailable or invalid due to cause: null. isDisconnected: true. Rediscovery will be attempted.
[main] INFO org.apache.kafka.clients.consumer.internals.ConsumerCoordinator - [Consumer clientId=consumer-nereus-delay-target-expiry-dadc6493-5dd8-41c0-bf22-1b88ba515e69-1, groupId=nereus-delay-target-expiry-dadc6493-5dd8-41c0-bf22-1b88ba515e69] Discovered group coordinator 127.0.0.1:19286 (id: +1 rack: null isFenced: false)
[main] INFO org.apache.kafka.clients.NetworkClient - [Consumer clientId=consumer-nereus-delay-target-expiry-dadc6493-5dd8-41c0-bf22-1b88ba515e69-1, groupId=nereus-delay-target-expiry-dadc6493-5dd8-41c0-bf22-1b88ba515e69] Node +1 disconnected.
[main] INFO org.apache.kafka.clients.NetworkClient - [Consumer clientId=consumer-nereus-delay-target-expiry-dadc6493-5dd8-41c0-bf22-1b88ba515e69-1, groupId=nereus-delay-target-expiry-dadc6493-5dd8-41c0-bf22-1b88ba515e69] Cancelled in-flight OFFSET_COMMIT request with correlation id 28 due to node +1 being disconnected (elapsed time since creation: 28ms, elapsed time since send: 23ms, throttle time: 0ms, request timeout: 2000ms)
[main] INFO org.apache.kafka.clients.consumer.internals.ConsumerCoordinator - [Consumer clientId=consumer-nereus-delay-target-expiry-dadc6493-5dd8-41c0-bf22-1b88ba515e69-1, groupId=nereus-delay-target-expiry-dadc6493-5dd8-41c0-bf22-1b88ba515e69] Group coordinator 127.0.0.1:19286 (id: +1 rack: null isFenced: false) is unavailable or invalid due to cause: null. isDisconnected: true. Rediscovery will be attempted.
[main] INFO org.apache.kafka.clients.consumer.internals.ConsumerCoordinator - [Consumer clientId=consumer-nereus-delay-target-expiry-dadc6493-5dd8-41c0-bf22-1b88ba515e69-1, groupId=nereus-delay-target-expiry-dadc6493-5dd8-41c0-bf22-1b88ba515e69] Discovered group coordinator 127.0.0.1:19286 (id: +1 rack: null isFenced: false)
[main] INFO org.apache.kafka.clients.NetworkClient - [Consumer clientId=consumer-nereus-delay-target-expiry-dadc6493-5dd8-41c0-bf22-1b88ba515e69-1, groupId=nereus-delay-target-expiry-dadc6493-5dd8-41c0-bf22-1b88ba515e69] Node +1 disconnected.
[main] INFO org.apache.kafka.clients.NetworkClient - [Consumer clientId=consumer-nereus-delay-target-expiry-dadc6493-5dd8-41c0-bf22-1b88ba515e69-1, groupId=nereus-delay-target-expiry-dadc6493-5dd8-41c0-bf22-1b88ba515e69] Cancelled in-flight OFFSET_COMMIT request with correlation id 32 due to node +1 being disconnected (elapsed time since creation: 8ms, elapsed time since send: 5ms, throttle time: 0ms, request timeout: 2000ms)
[main] INFO org.apache.kafka.clients.consumer.internals.ConsumerCoordinator - [Consumer clientId=consumer-nereus-delay-target-expiry-dadc6493-5dd8-41c0-bf22-1b88ba515e69-1, groupId=nereus-delay-target-expiry-dadc6493-5dd8-41c0-bf22-1b88ba515e69] Group coordinator 127.0.0.1:19286 (id: +1 rack: null isFenced: false) is unavailable or invalid due to cause: null. isDisconnected: true. Rediscovery will be attempted.
[main] INFO org.apache.kafka.clients.consumer.internals.ConsumerCoordinator - [Consumer clientId=consumer-nereus-delay-target-expiry-dadc6493-5dd8-41c0-bf22-1b88ba515e69-1, groupId=nereus-delay-target-expiry-dadc6493-5dd8-41c0-bf22-1b88ba515e69] Discovered group coordinator 127.0.0.1:19286 (id: +1 rack: null isFenced: false)
[main] INFO org.apache.kafka.common.config.AbstractConfig - ConsumerConfig values:
	allow.auto.create.topics = true
	auto.commit.interval.ms = 5000
	auto.offset.reset = none
	bootstrap.servers = [127.0.0.1:19286, 127.0.0.1:19287, 127.0.0.1:19288]
	check.crcs = true
	client.dns.lookup = use_all_dns_ips
	client.id = consumer-null-2
	client.rack =
	config.providers = []
	connections.max.idle.ms = 540000
	default.api.timeout.ms = 10000
	enable.auto.commit = false
	enable.metrics.push = true
	exclude.internal.topics = true
	fetch.max.bytes = 46509668
	fetch.max.wait.ms = 500
	fetch.min.bytes = 1
	group.id = null
	group.instance.id = null
	group.protocol = classic
	group.remote.assignor = null
	heartbeat.interval.ms = 3000
	interceptor.classes = []
	internal.throw.on.fetch.stable.offset.unsupported = false
	isolation.level = read_uncommitted
	key.deserializer = class org.apache.kafka.common.serialization.ByteArrayDeserializer
	max.partition.fetch.bytes = 46509668
	max.poll.interval.ms = 300000
	max.poll.records = 1
	metadata.cluster.check.enable = true
	metadata.max.age.ms = 300000
	metadata.recovery.rebootstrap.trigger.ms = 300000
	metadata.recovery.strategy = rebootstrap
	metric.reporters = [org.apache.kafka.common.metrics.JmxReporter]
	metrics.num.samples = 2
	metrics.recording.level = INFO
	metrics.sample.window.ms = 30000
	partition.assignment.strategy = [class org.apache.kafka.clients.consumer.RangeAssignor, class org.apache.kafka.clients.consumer.CooperativeStickyAssignor]
	receive.buffer.bytes = 65536
	reconnect.backoff.max.ms = 1000
	reconnect.backoff.ms = 50
	request.timeout.ms = 10000
	retry.backoff.max.ms = 1000
	retry.backoff.ms = 100
	sasl.client.callback.handler.class = null
	sasl.jaas.config = null
	sasl.kerberos.kinit.cmd = /usr/bin/kinit
	sasl.kerberos.min.time.before.relogin = 60000
	sasl.kerberos.service.name = null
	sasl.kerberos.ticket.renew.jitter = 0.05
	sasl.kerberos.ticket.renew.window.factor = 0.8
	sasl.login.callback.handler.class = null
	sasl.login.class = null
	sasl.login.connect.timeout.ms = null
	sasl.login.read.timeout.ms = null
	sasl.login.refresh.buffer.seconds = 300
	sasl.login.refresh.min.period.seconds = 60
	sasl.login.refresh.window.factor = 0.8
	sasl.login.refresh.window.jitter = 0.05
	sasl.login.retry.backoff.max.ms = 10000
	sasl.login.retry.backoff.ms = 100
	sasl.mechanism = GSSAPI
	sasl.oauthbearer.allow.unverified.audience = false
	sasl.oauthbearer.allow.unverified.issuer = false
	sasl.oauthbearer.assertion.algorithm = RS256
	sasl.oauthbearer.assertion.claim.aud = null
	sasl.oauthbearer.assertion.claim.exp.seconds = 300
	sasl.oauthbearer.assertion.claim.iss = null
	sasl.oauthbearer.assertion.claim.jti.include = false
	sasl.oauthbearer.assertion.claim.nbf.seconds = 60
	sasl.oauthbearer.assertion.claim.sub = null
	sasl.oauthbearer.assertion.file = null
	sasl.oauthbearer.assertion.private.key.file = null
	sasl.oauthbearer.assertion.private.key.passphrase = null
	sasl.oauthbearer.assertion.template.file = null
	sasl.oauthbearer.client.credentials.client.id = null
	sasl.oauthbearer.client.credentials.client.secret = null
	sasl.oauthbearer.clock.skew.seconds = 30
	sasl.oauthbearer.expected.audience = []
	sasl.oauthbearer.expected.issuer = null
	sasl.oauthbearer.header.urlencode = false
	sasl.oauthbearer.jwks.endpoint.refresh.ms = 3600000
	sasl.oauthbearer.jwks.endpoint.retry.backoff.max.ms = 10000
	sasl.oauthbearer.jwks.endpoint.retry.backoff.ms = 100
	sasl.oauthbearer.jwks.endpoint.url = null
	sasl.oauthbearer.jwt.retriever.class = class org.apache.kafka.common.security.oauthbearer.DefaultJwtRetriever
	sasl.oauthbearer.jwt.validator.class = class org.apache.kafka.common.security.oauthbearer.DefaultJwtValidator
	sasl.oauthbearer.scope = null
	sasl.oauthbearer.scope.claim.name = scope
	sasl.oauthbearer.sub.claim.name = sub
	sasl.oauthbearer.token.endpoint.url = null
	security.protocol = PLAINTEXT
	security.providers = null
	send.buffer.bytes = 131072
	session.timeout.ms = 45000
	share.acknowledgement.mode = implicit
	share.acquire.mode = BATCH_OPTIMIZED
	socket.connection.setup.timeout.max.ms = 30000
	socket.connection.setup.timeout.ms = 10000
	ssl.cipher.suites = []
	ssl.enabled.protocols = [TLSv1.2, TLSv1.3]
	ssl.endpoint.identification.algorithm = https
	ssl.engine.factory.class = null
	ssl.key.password = null
	ssl.keymanager.algorithm = SunX509
	ssl.keystore.certificate.chain = null
	ssl.keystore.key = null
	ssl.keystore.location = null
	ssl.keystore.password = null
	ssl.keystore.type = JKS
	ssl.protocol = TLSv1.3
	ssl.provider = null
	ssl.secure.random.implementation = null
	ssl.trustmanager.algorithm = PKIX
	ssl.truststore.certificates = null
	ssl.truststore.location = null
	ssl.truststore.password = null
	ssl.truststore.type = JKS
	value.deserializer = class org.apache.kafka.common.serialization.ByteArrayDeserializer

[main] INFO org.apache.kafka.common.telemetry.internals.KafkaMetricsCollector - initializing Kafka metrics collector
[main] INFO org.apache.kafka.common.utils.internals.AppInfoParser - Kafka version: 4.4.0-SNAPSHOT
[main] INFO org.apache.kafka.common.utils.internals.AppInfoParser - Kafka commitId: unknown
[main] INFO org.apache.kafka.common.utils.internals.AppInfoParser - Kafka startTimeMs: 1791479793537
[main] INFO org.apache.kafka.clients.consumer.internals.ClassicKafkaConsumer - [Consumer clientId=consumer-null-2, groupId=null] Assigned to partition(s): nereus-delay-source-topic-target-worker-publish-admission-network-loss-target-2642e17b-17c5-41f3-bf95-7896704fef94-0
[main] INFO org.apache.kafka.clients.consumer.internals.ClassicKafkaConsumer - [Consumer clientId=consumer-null-2, groupId=null] Seeking to offset 4 for partition nereus-delay-source-topic-target-worker-publish-admission-network-loss-target-2642e17b-17c5-41f3-bf95-7896704fef94-0
[main] INFO org.apache.kafka.clients.Metadata - [Consumer clientId=consumer-null-2, groupId=null] Cluster ID: MkU3OEVBNTcwNTJENDM2Qk
[main] INFO org.apache.kafka.common.metrics.Metrics - Metrics scheduler closed
[main] INFO org.apache.kafka.common.metrics.Metrics - Closing reporter org.apache.kafka.common.metrics.JmxReporter
[main] INFO org.apache.kafka.common.metrics.Metrics - Closing reporter org.apache.kafka.common.telemetry.internals.ClientTelemetryReporter
[main] INFO org.apache.kafka.common.metrics.Metrics - Metrics reporters closed
[main] INFO org.apache.kafka.common.utils.internals.AppInfoParser - App info kafka.consumer for consumer-null-2 unregistered
K1 exact Target Admission history passed: authenticated Fetch/resource, Worker checkpoint input/initial references agree, full envelope/source match, independent consumer, no group commit, no Store write, guard calls=3
[main] INFO org.apache.kafka.clients.producer.KafkaProducer - [Producer clientId=producer-6] Closing the Kafka producer with timeoutMillis = 9223372036854775807 ms.
Kafka Target PUBLISH_ADMISSION TCP ACK-loss recovery passed: Broker committed offset 4 before response loss; same Host retried only ACK without another Store mutation. Claim, AttemptBudget, first result and source frontier remain durable.
[main] INFO org.apache.kafka.common.metrics.Metrics - Metrics scheduler closed
[main] INFO org.apache.kafka.common.metrics.Metrics - Closing reporter org.apache.kafka.common.metrics.JmxReporter
[main] INFO org.apache.kafka.common.metrics.Metrics - Closing reporter org.apache.kafka.common.telemetry.internals.ClientTelemetryReporter
[main] INFO org.apache.kafka.common.metrics.Metrics - Metrics reporters closed
[main] INFO org.apache.kafka.common.utils.internals.AppInfoParser - App info kafka.producer for producer-6 unregistered
[main] INFO org.apache.kafka.clients.producer.KafkaProducer - [Producer clientId=producer-6] Closing the Kafka producer with timeoutMillis = 9223372036854775807 ms.
[main] INFO org.apache.kafka.common.metrics.Metrics - Metrics scheduler closed
[main] INFO org.apache.kafka.common.metrics.Metrics - Closing reporter org.apache.kafka.common.metrics.JmxReporter
[main] INFO org.apache.kafka.common.metrics.Metrics - Closing reporter org.apache.kafka.common.telemetry.internals.ClientTelemetryReporter
[main] INFO org.apache.kafka.common.metrics.Metrics - Metrics reporters closed
[main] INFO org.apache.kafka.common.utils.internals.AppInfoParser - App info kafka.producer for producer-6 unregistered
[main] INFO org.apache.kafka.clients.consumer.internals.ConsumerCoordinator - [Consumer clientId=consumer-nereus-delay-target-expiry-dadc6493-5dd8-41c0-bf22-1b88ba515e69-1, groupId=nereus-delay-target-expiry-dadc6493-5dd8-41c0-bf22-1b88ba515e69] Resetting generation and member id due to: consumer pro-actively leaving the group
[main] INFO org.apache.kafka.clients.consumer.internals.ConsumerCoordinator - [Consumer clientId=consumer-nereus-delay-target-expiry-dadc6493-5dd8-41c0-bf22-1b88ba515e69-1, groupId=nereus-delay-target-expiry-dadc6493-5dd8-41c0-bf22-1b88ba515e69] Request joining group due to: consumer pro-actively leaving the group
[main] INFO org.apache.kafka.common.metrics.Metrics - Metrics scheduler closed
[main] INFO org.apache.kafka.common.metrics.Metrics - Closing reporter org.apache.kafka.common.metrics.JmxReporter
[main] INFO org.apache.kafka.common.metrics.Metrics - Closing reporter org.apache.kafka.common.telemetry.internals.ClientTelemetryReporter
[main] INFO org.apache.kafka.common.metrics.Metrics - Metrics reporters closed
[main] INFO org.apache.kafka.common.utils.internals.AppInfoParser - App info kafka.consumer for consumer-nereus-delay-target-expiry-dadc6493-5dd8-41c0-bf22-1b88ba515e69-1 unregistered
[main] INFO org.apache.kafka.common.metrics.Metrics - Metrics scheduler closed
[main] INFO org.apache.kafka.common.metrics.Metrics - Closing reporter org.apache.kafka.common.metrics.JmxReporter
[main] INFO org.apache.kafka.common.metrics.Metrics - Metrics reporters closed
[kafka-admin-client-thread | adminclient-1] INFO org.apache.kafka.common.utils.internals.AppInfoParser - App info kafka.admin.client for adminclient-1 unregistered
[kafka-admin-client-thread | adminclient-1] INFO org.apache.kafka.common.metrics.Metrics - Metrics scheduler closed
[kafka-admin-client-thread | adminclient-1] INFO org.apache.kafka.common.metrics.Metrics - Closing reporter org.apache.kafka.common.metrics.JmxReporter
[kafka-admin-client-thread | adminclient-1] INFO org.apache.kafka.common.metrics.Metrics - Metrics reporters closed

BUILD SUCCESSFUL in 20s
13 actionable tasks: 2 executed, 11 up-to-date
Consider enabling configuration cache to speed up this build: https://docs.gradle.org/9.4.1/userguide/configuration_cache_enabling.html
To honour the JVM settings for this build a single-use Daemon process will be forked. For more on this, please refer to https://docs.gradle.org/9.4.1/userguide/gradle_daemon.html#sec:disabling_the_daemon in the Gradle documentation.
Daemon will be stopped at the end of the build
> Task :protobufDummy UP-TO-DATE
> Task :extractIncludeProto UP-TO-DATE
> Task :extractProto UP-TO-DATE
> Task :generateProto UP-TO-DATE
> Task :compileJava UP-TO-DATE
> Task :generateRunningArtifactIdentity
> Task :processProtoResources UP-TO-DATE
> Task :processResources UP-TO-DATE
> Task :classes UP-TO-DATE
> Task :extractIncludeRealKafkaProto UP-TO-DATE
> Task :extractRealKafkaProto UP-TO-DATE
> Task :generateRealKafkaProto NO-SOURCE
> Task :compileRealKafka UP-TO-DATE
> Task :compileRealKafkaJava SKIPPED
> Task :processRealKafkaProtoResources UP-TO-DATE
> Task :processRealKafkaResources UP-TO-DATE
> Task :realKafkaClasses UP-TO-DATE

> Task :runRealKafkaOffsetCommitResponseLossProxy
Kafka OffsetCommit response-loss proxy stopped after dropping 7 Broker response(s)

BUILD SUCCESSFUL in 35s
13 actionable tasks: 2 executed, 11 up-to-date
Consider enabling configuration cache to speed up this build: https://docs.gradle.org/9.4.1/userguide/configuration_cache_enabling.html
Kafka Target source, missing-Message expiry, scheduled-Message expiry, and PUBLISH_ADMISSION ACK network-response-loss E2Es passed against the locked K1 Broker/client fixture.
Parent=a115baec93b8b5f6c51880804be9ad298f1b32fb
source_sha256={"src/main/java/com/nereusstream/delay/store/TargetCheckpointSemanticSnapshotFile.java": "52061692aefce2d04b7abc1f9837034fcadcb205fbbce9253ec205579bb6fb1a", "src/main/java/com/nereusstream/delay/store/TargetCheckpointSemanticSnapshot.java": "550a93d448708b64f645111e3157343d23fef054a3db5f02ae6967c7bc8d4af7", "src/main/java/com/nereusstream/delay/store/TargetCheckpointRootVerifier.java": "9204c788b8e4dee7e3306ef350bba6a6daa421f53de83dc6b5c0d38aa4c19dda", "src/main/java/com/nereusstream/delay/store/TargetCheckpointCandidateWorkClassExecutor.java": "ac175e1bddf08b82493e04ba12bc6c621e1f486b3ca430dee7f84b04fa594ed4", "src/main/java/com/nereusstream/delay/store/ShardStore.java": "2d64a76b54c20d407f2097a3af689365750e29f59f1c6f18315a530c8992f9b9", "src/main/java/com/nereusstream/delay/ownership/TargetSourceApplyRuntime.java": "acd3385cbd3191d73909a0730a7260e447e2ad4839173f4e1f8b91dab033fafe", "src/main/java/com/nereusstream/delay/ownership/TargetWorkerShardRuntime.java": "c06a22029f8239da280b8decdeabd89bb8e9d43ba378502c0630db323e3fc193", "src/main/java/com/nereusstream/delay/ownership/TargetWorkerHostRuntime.java": "0df32f024ff88bc46deb41d2af732530ed06a8b3f30f926b31950f541e9c4831", "src/test/java/com/nereusstream/delay/runtime/TargetQuotaGrantStoreTest.java": "dd34d648cb6127949e5a3fffc42e1440c56809ac0198257390afba94c1e5250b", "src/real-kafka/java/com/nereusstream/delay/transport/KafkaClientArtifactTargetWorkerSourceSmoke.java": "39324299aa2a862e3b40b57663f04d17f837ad40b271c858a6bd121a2403d7c4"}
Command: NEREUS_DELAY_KAFKA_TARGET_SOURCE_ACK_NETWORK_LOSS_ONLY=1 NEREUS_DELAY_KAFKA_CHECKOUT=/Users/liusinan/apps/ideaproject/nereusstream/kafka-worktrees/nereus-delay-k1 NEREUS_DELAY_KAFKA_GRADLE_USER_HOME=/Users/liusinan/.gradle e2e/run-kafka-real-client-e2e.sh
Exit0; real K1 ACK cut/Host/Worker/Store/file creation and no-write reuse. Empty semantic catalogs, Owner/intent/protection/grant/expiry/control authorities are explicit fixtures. No Catalog/upload/install or production snapshot authority claimed. Owned environments cleaned.
